# 3ds Max Wavefront OBJ Exporter v0.97b - (c)2007 guruware
# File Created: 19.12.2018 17:22:26

mtllib Grapefruit.mtl

#
# object ????
#

v  16.4275 14.6201 2.8635
v  17.4907 14.4268 2.0116
v  16.6773 14.8844 1.3114
v  16.2052 14.9507 1.8048
v  16.2319 14.9452 0.9492
v  15.9428 15.0426 1.2547
v  17.8300 14.6104 1.2736
v  16.9131 14.9382 1.0208
v  16.3454 14.9707 0.8183
v  17.9407 14.7610 0.6892
v  16.9753 15.0172 0.7259
v  16.3755 15.0068 0.6749
v  17.9947 14.7909 0.1883
v  17.3215 14.9499 0.3269
v  16.6232 15.0027 0.4092
v  17.2482 14.9995 0.1278
v  17.8512 14.9115 -0.2099
v  17.6932 15.0881 -0.5410
v  17.0549 15.1673 -0.1992
v  16.3810 15.0833 0.2586
v  14.5646 15.6118 1.0940
v  13.7227 15.8027 1.4988
v  14.1185 15.6068 2.0196
v  14.7112 15.4932 1.6424
v  15.2719 15.2633 1.2234
v  15.0602 15.3947 0.7957
v  14.8353 15.4229 1.8579
v  14.3566 15.4756 2.4365
v  14.8262 15.3959 2.6726
v  15.3968 15.3663 1.7919
v  15.6391 15.1700 1.1614
v  15.6014 15.2307 1.9908
v  15.3042 15.0805 2.9471
v  15.8370 14.8667 2.8282
v  15.8659 15.0863 1.9339
v  15.7504 15.1063 1.2178
v  18.0804 13.7075 3.2541
v  16.9301 13.9209 4.0697
v  18.6772 12.7644 4.2989
v  17.2581 13.0066 5.1978
v  18.6948 13.6417 2.5558
v  19.6991 12.6687 3.1242
v  19.1059 13.9276 1.5356
v  20.3802 12.9492 1.7071
v  19.2772 14.1766 0.4974
v  20.6236 13.3035 0.1741
v  18.8745 14.4561 -0.2660
v  20.0270 13.9138 -1.1601
v  19.6139 14.4073 -2.5521
v  18.4729 14.8981 -1.2950
v  18.7394 14.5778 -0.6438
v  19.0404 14.7248 -2.8906
v  17.7141 15.0717 -1.1547
v  18.6407 14.8975 -2.9111
v  17.7530 15.0781 -1.8015
v  16.6145 15.0990 -0.4990
v  17.7443 15.3052 -3.7633
v  16.9925 15.3507 -1.9171
v  17.4169 15.2250 -2.0869
v  17.9712 15.2037 -3.3811
v  16.0749 15.7002 -1.8014
v  15.6289 16.1832 -4.2026
v  15.6271 16.0983 -2.5695
v  15.9279 15.2684 -0.2644
v  16.2872 15.1382 -0.3445
v  15.4114 16.2074 -1.8880
v  15.5691 16.0076 -0.9818
v  15.7189 15.4858 -0.1023
v  14.9477 16.2909 -2.3938
v  14.2528 16.5650 -3.8477
v  14.8429 16.0676 -1.4969
v  13.2231 16.6462 -3.1426
v  14.2933 16.1925 -1.6299
v  15.1026 15.5570 -0.2682
v  15.4531 15.4122 -0.1523
v  13.8763 16.2505 -1.3763
v  12.6111 16.7153 -2.6730
v  11.8773 16.7503 -1.7308
v  13.5896 16.2066 -0.6737
v  14.9839 15.4662 0.1356
v  13.2828 16.0897 0.1198
v  14.8733 15.4278 0.4415
v  11.2564 16.5669 -0.3870
v  13.3667 15.9619 0.5867
v  14.0525 15.7519 0.7864
v  11.2464 16.2386 1.1130
v  12.9296 16.0165 0.8748
v  12.6689 16.0177 1.3364
v  11.0164 15.8170 2.5900
v  12.5129 15.9068 2.0891
v  13.2543 15.5655 2.6798
v  12.0971 15.2744 3.6817
v  13.9174 15.1488 3.8067
v  13.4921 15.4133 3.0371
v  12.8613 14.6174 4.9100
v  14.8314 14.6592 4.1951
v  14.2211 13.9496 5.4860
v  15.7880 13.5538 5.2988
v  15.7389 14.3461 4.0367
v  16.1856 14.1158 4.1366
v  19.1742 10.9948 5.0933
v  17.3593 11.3404 6.1946
v  20.6112 10.8451 3.4972
v  20.9898 9.2532 3.5262
v  22.0673 9.6109 1.3555
v  21.5597 11.1331 1.6138
v  21.8867 11.4919 -0.5022
v  21.5015 12.1696 -2.5319
v  22.0732 10.6947 -3.4798
v  20.9366 11.5709 -5.4252
v  20.5872 12.8666 -4.0235
v  19.2180 14.3065 -5.2591
v  18.8423 14.7542 -4.1991
v  17.9945 14.9976 -5.4474
v  18.4977 14.9825 -4.1089
v  15.4157 15.8706 -5.7803
v  17.7184 13.3882 -7.7583
v  14.7545 14.5161 -7.9421
v  13.5355 16.3570 -5.2698
v  12.3772 15.1104 -7.2435
v  12.2068 16.5697 -4.3726
v  10.5058 15.6354 -5.8039
v  8.7140 15.6390 -4.1204
v  10.0665 16.4245 -3.0442
v  11.3986 16.3339 -4.4568
v  9.2172 16.2233 -1.1566
v  9.0093 15.7961 0.8484
v  7.3814 14.8840 0.4458
v  7.7864 14.1338 2.7389
v  9.1919 15.1113 2.8097
v  10.2547 14.3826 4.4572
v  8.8708 13.2066 4.7087
v  10.5178 12.2293 6.2233
v  11.5678 13.4894 5.8172
v  13.3600 12.6360 6.5712
v  12.6022 11.2631 7.0897
v  14.9142 10.4012 7.2200
v  15.3828 11.9724 6.6328
v  17.2380 9.7629 6.6259
v  19.3313 9.3689 5.3582
v  16.8482 7.4969 6.7220
v  19.2071 7.0932 5.2971
v  21.0719 7.0300 3.2517
v  22.2738 7.3257 0.7596
v  22.6740 7.9406 -1.9077
v  22.4407 9.9636 -1.0946
v  22.2562 8.8263 -4.5190
v  21.0228 9.8666 -6.7471
v  19.2909 12.6408 -7.0583
v  19.1246 10.9855 -8.4341
v  17.3821 11.8078 -9.2425
v  11.4829 13.7132 -8.8867
v  14.0985 13.0019 -9.5376
v  9.1068 14.0992 -7.4507
v  7.2448 14.1581 -5.3784
v  6.0511 13.8722 -2.8881
v  7.6920 15.4183 -1.8966
v  5.6652 13.2674 -0.2389
v  6.1039 12.3718 2.3615
v  7.3377 11.3299 4.5883
v  9.2005 10.2055 6.2981
v  11.5736 9.1198 7.2791
v  14.2148 8.1904 7.4138
v  18.6139 4.7832 4.7226
v  16.1409 5.1914 6.2252
v  20.5874 4.7311 2.5724
v  21.8433 5.0472 -0.0267
v  22.2650 5.6958 -2.8089
v  21.8185 6.6149 -5.5088
v  20.5429 7.7132 -7.8562
v  18.5637 8.8828 -9.6211
v  16.7373 9.7345 -10.4536
v  10.5823 11.7199 -10.0961
v  13.2962 10.9867 -10.7913
v  8.1342 12.3195 -8.5382
v  6.1525 12.1716 -6.4411
v  4.9007 11.8617 -3.8440
v  4.5024 11.4047 -1.0061
v  4.9491 10.2874 1.6330
v  6.2228 9.1947 3.9658
v  8.1802 8.0207 5.7491
v  10.6676 6.8932 6.7639
v  13.4171 5.9169 6.9280
v  15.1445 3.1224 4.8923
v  17.4464 2.3876 3.5508
v  19.2381 2.3179 1.5040
v  20.5161 2.7269 -1.1297
v  20.9171 3.3437 -3.7757
v  20.4869 4.2178 -6.3417
v  19.2738 5.2623 -8.5742
v  17.3965 6.3748 -10.2547
v  15.6647 7.1863 -11.0501
v  9.8051 9.0680 -10.7080
v  12.3853 8.3758 -11.3672
v  7.4547 9.4562 -9.2793
v  5.5928 9.5027 -7.2304
v  4.4016 9.2029 -4.7618
v  4.0050 8.5864 -2.1177
v  4.4493 7.7106 0.4486
v  5.6520 6.6655 2.6857
v  7.5213 5.5549 4.3632
v  9.8776 4.4616 5.3266
v  12.5328 3.8144 5.5614
v  13.9404 1.4365 2.8508
v  16.0426 1.0077 1.5988
v  17.5079 0.7171 -0.2353
v  18.4891 0.9670 -2.3118
v  18.8302 1.4917 -4.5627
v  18.4656 2.2397 -6.7435
v  17.4199 3.1366 -8.6131
v  15.8174 4.0684 -10.0496
v  14.3535 4.7547 -10.7370
v  9.3851 6.3800 -10.4509
v  11.6011 5.7768 -11.0268
v  7.3788 6.6957 -9.2421
v  5.7950 6.7353 -7.4995
v  4.7892 6.4950 -5.3940
v  4.4463 5.9558 -3.1509
v  4.8036 5.2082 -0.9687
v  5.8372 4.3241 0.9320
v  7.4421 3.3923 2.3676
v  9.4437 2.4562 3.1848
v  11.6816 1.7493 3.3387
v  12.4617 0.1929 -0.2213
v  14.1039 -0.0771 -0.7960
v  15.1621 -0.1331 -2.0103
v  15.8150 0.0298 -3.5101
v  16.2289 0.4183 -5.2091
v  15.8003 0.9262 -6.5881
v  14.8151 1.5161 -7.7260
v  13.9476 2.2689 -8.8972
v  12.9584 2.7331 -9.4360
v  9.4805 3.6481 -8.9572
v  10.9807 3.4142 -9.6115
v  7.9963 4.0619 -8.3486
v  6.8920 4.0901 -7.1339
v  6.4445 3.7330 -5.6181
v  5.9443 3.5592 -4.0564
v  6.1917 3.0175 -2.5369
v  6.9141 2.4014 -1.2057
v  8.2026 1.6868 -0.4953
v  9.5872 1.1454 0.3147
v  11.0248 0.5426 0.4752
v  12.0318 0.1523 -1.8518
v  11.4676 0.3074 -3.1959
v  11.8407 0.1477 -3.4515
v  12.8368 -0.0803 -2.2334
v  12.4517 0.1554 -3.6037
v  11.9576 0.2399 -3.8838
v  13.7678 0.0429 -2.9457
v  12.7700 0.1688 -3.6150
v  12.6613 0.1728 -3.9140
v  14.0724 0.0089 -4.0820
v  12.2072 0.2607 -4.2533
v  12.5685 0.2026 -4.5486
v  14.3060 0.2519 -5.1935
v  12.6760 0.3419 -5.1709
v  14.1140 0.6158 -6.2091
v  12.5898 0.5482 -5.7594
v  13.6123 1.0057 -6.7979
v  12.4098 0.7783 -6.0596
v  13.3675 1.2971 -7.1204
v  12.2023 1.0972 -6.3399
v  11.9025 1.3334 -6.6514
v  12.8937 1.6968 -7.8170
v  12.2533 1.9719 -8.2780
v  11.4710 1.4149 -6.9050
v  9.9817 2.5457 -7.9410
v  10.7968 2.3495 -8.3473
v  10.6571 1.5564 -7.0173
v  10.2613 1.7159 -6.8570
v  9.5191 2.6464 -7.7455
v  9.8279 1.8102 -6.6738
v  9.3985 1.8286 -6.4839
v  8.6703 2.8021 -7.4398
v  7.9230 2.8223 -6.6178
v  8.9851 1.8410 -6.0294
v  7.7058 2.6997 -5.7549
v  8.8403 1.8451 -5.5917
v  7.5716 2.6472 -5.2762
v  8.7216 1.8127 -5.1421
v  8.6162 1.6977 -4.7048
v  7.2726 2.4948 -4.4320
v  7.4437 2.1175 -3.3924
v  8.7162 1.4801 -4.1158
v  7.9216 1.6624 -2.4925
v  8.9663 1.1810 -3.6211
v  8.6403 1.3372 -2.0771
v  9.2997 1.0527 -3.3564
v  9.0615 1.1660 -1.8130
v  9.7007 0.9078 -3.0956
v  10.0943 0.6684 -2.9234
v  9.7682 0.7768 -1.3477
v  11.5900 0.2498 -1.6630
v  10.7993 0.3620 -1.3186
v  11.0754 0.3944 -3.0183
v  10.6665 0.4183 -2.9302
v  11.0876 0.5761 -4.0030
v  11.2391 0.4980 -4.1943
v  10.8461 0.8897 -4.3971
v  10.9720 0.8846 -4.5360
v  11.5249 0.4693 -4.2702
v  11.1829 0.8074 -4.6040
v  11.6625 0.4807 -4.4738
v  11.6213 0.5258 -4.7734
v  11.1542 0.8940 -4.8127
v  11.6677 0.5982 -5.0900
v  11.1755 0.9273 -4.9665
v  11.6260 0.7034 -5.3867
v  11.1550 0.9820 -5.1078
v  11.6144 0.8232 -5.5619
v  11.1407 1.0507 -5.2631
v  11.2847 1.1776 -5.8224
v  11.4933 1.0340 -5.7264
v  10.9926 1.2120 -5.3042
v  11.0394 1.1865 -5.9478
v  10.8777 1.2161 -5.3664
v  10.6298 1.2225 -6.0411
v  10.4286 1.3400 -6.0305
v  10.6773 1.2285 -5.4178
v  10.4968 1.2786 -5.4351
v  10.1626 1.3979 -5.9180
v  9.9728 1.3656 -5.7637
v  10.3691 1.2957 -5.2878
v  9.7667 1.3727 -5.5374
v  10.2675 1.2997 -5.1766
v  9.6341 1.4212 -5.3401
v  10.1408 1.3017 -5.0421
v  9.5634 1.4066 -5.0633
v  9.5824 1.3212 -4.8344
v  10.1824 1.2788 -4.8448
v  9.6329 1.2085 -4.5362
v  10.2042 1.2225 -4.7003
v  9.7508 1.0388 -4.2923
v  10.2620 1.1407 -4.5821
v  9.8671 0.9890 -4.0999
v  10.3397 1.0636 -4.4354
v  10.3594 0.7838 -3.9338
v  10.1167 0.9052 -3.9367
v  10.5467 1.0286 -4.4124
v  10.6405 0.6427 -3.9332
v  10.9095 0.6146 -3.8728
v  10.6898 0.9513 -4.4111
v  15.9525 14.7753 2.7284
v  15.9550 14.9614 2.0904
v  15.9965 14.9272 1.9184
v  15.9985 14.6812 2.7158
v  16.0961 14.8982 2.0542
v  16.1192 14.6995 2.7082
v  18.2411 14.5774 -0.2828
v  18.1465 14.6684 -0.1056
v  18.0945 14.7007 -0.2442
v  13.7685 16.3427 -2.0498
v  12.9578 16.6257 -3.0591
v  12.8573 16.5346 -2.9739
v  13.9065 16.1852 -1.7099
v  13.5914 16.3636 -1.9195
v  12.7543 16.6473 -2.8948
v  13.3483 15.8558 0.9764
v  13.4886 15.8660 0.9016
v  13.5582 15.8308 1.0908
v  13.8185 15.3635 2.4174
v  13.9291 15.4692 2.2858
v  14.0217 15.4052 2.4210
v  15.9323 14.2475 3.8363
v  15.8972 14.4324 3.5901
v  16.0538 14.3554 3.5895
v  11.9631 16.5157 -4.0550
v  12.2516 16.6071 -3.9158
v  11.7838 16.6353 -3.8757
v  17.9309 14.9876 -2.5856
v  17.9937 15.0732 -2.8736
v  11.7967 0.3735 -1.8825
v  11.7419 0.3315 -2.2394
v  11.3373 0.5760 -3.0862
v  11.3739 0.4736 -3.1785
v  13.1462 1.0478 -6.5951
v  12.3222 0.9096 -6.0486
v  12.3187 1.0430 -6.0908
v  13.3785 1.2030 -6.8052
v  13.0552 1.1847 -6.7197
v  12.2327 1.0608 -6.1735
v  9.9762 2.3574 -7.4718
v  10.1977 1.8017 -6.7018
v  10.1191 1.9124 -6.6411
v  9.8323 2.6142 -7.6469
v  9.7844 2.3991 -7.3907
v  9.9984 1.8450 -6.6175
v  8.0954 2.4507 -5.5414
v  8.9103 1.8829 -5.4306
v  8.8961 1.9595 -5.3058
v  7.8355 2.6779 -5.4581
v  8.0433 2.4364 -5.3449
v  8.8579 1.8718 -5.2268
v  9.0077 1.2577 -2.4325
v  9.4699 1.0950 -3.3285
v  9.5782 1.1381 -3.2232
v  8.9694 1.3332 -2.0727
v  9.1868 1.1928 -2.3157
v  9.6591 1.0309 -3.2045
v  11.5627 0.3714 -2.1622
v  11.2559 0.4989 -3.0744
v  11.1262 0.6188 -3.7868
v  11.0978 0.7165 -3.8378
v  11.9563 0.4538 -4.1344
v  11.9376 0.3755 -4.0531
v  12.0323 0.3834 -4.1933
v  11.6295 0.9958 -5.6217
v  11.7637 0.8938 -5.6772
v  11.6923 1.0179 -5.7768
v  10.3464 1.4898 -6.1418
v  10.3225 1.5024 -5.9629
v  10.1858 1.5248 -6.0739
v  9.4783 1.5534 -5.3037
v  9.6018 1.5364 -5.1770
v  9.4362 1.5451 -5.1392
v  9.8302 1.0333 -3.8950
v  9.9988 1.0536 -3.9467
v  9.9829 0.9824 -3.7948
v  11.1119 0.6284 -3.5690
v  16.1707 14.9010 0.7456
v  16.0921 14.8808 0.8371
v  15.9930 14.7896 0.7583
v  16.0518 14.8067 0.6905
v  15.9749 14.7174 0.6502
v  15.9254 14.7029 0.7056
v  16.1920 14.9262 0.6423
v  16.0678 14.8259 0.6115
v  15.9878 14.7333 0.5856
v  16.2468 14.9380 0.5002
v  16.0733 14.8369 0.5174
v  15.9779 14.7443 0.5140
v  16.1659 14.9838 0.3799
v  16.0282 14.8718 0.4338
v  15.9466 14.7713 0.4475
v  16.1823 14.9796 0.0765
v  15.9804 14.8581 0.2995
v  15.8839 14.7568 0.3766
v  16.0640 14.9991 0.0732
v  15.9230 14.8629 0.2836
v  15.8604 15.0828 0.1086
v  15.8067 14.9208 0.2954
v  15.7667 14.7899 0.3654
v  15.8509 14.7457 0.3550
v  15.7403 15.1137 0.2007
v  15.7349 14.9508 0.3290
v  15.7183 14.8279 0.3749
v  15.5947 15.1617 0.1733
v  15.6547 14.9638 0.3350
v  15.4532 15.1992 0.1737
v  15.5821 14.9764 0.3483
v  15.6192 14.8342 0.4070
v  15.6572 14.8177 0.3785
v  15.3406 15.1827 0.3375
v  15.5114 14.9737 0.4309
v  15.5666 14.8352 0.4573
v  15.2799 15.1664 0.5079
v  15.4776 14.9690 0.5289
v  15.5446 14.8352 0.5250
v  15.3952 15.1502 0.7141
v  15.5220 14.9736 0.6611
v  15.5637 14.8450 0.6236
v  15.5159 15.0841 0.9318
v  15.5888 14.9361 0.7976
v  15.6086 14.8209 0.7238
v  15.6763 15.0393 0.9711
v  15.6817 14.9097 0.8491
v  15.6737 14.8005 0.7753
v  15.7590 14.9925 1.0024
v  15.7443 14.8692 0.8628
v  15.8787 14.9425 0.9953
v  15.8289 14.8314 0.8581
v  15.7915 14.7355 0.7771
v  15.7223 14.7558 0.7730
v  10.7303 1.1097 -4.5059
v  10.8325 1.0916 -4.5223
v  10.8719 1.3676 -4.5624
v  10.8078 1.3689 -4.5474
v  10.6240 1.1653 -4.5058
v  10.7504 1.4249 -4.5525
v  10.5058 1.2073 -4.5451
v  10.6756 1.4390 -4.5759
v  10.4259 1.2441 -4.6272
v  10.6183 1.4521 -4.6236
v  10.3836 1.3019 -4.7123
v  10.5907 1.4868 -4.6771
v  10.3696 1.3432 -4.8161
v  10.5838 1.5145 -4.7421
v  10.3847 1.3543 -4.9333
v  10.4286 1.3569 -5.0493
v  10.6191 1.5212 -4.8867
v  10.5871 1.5222 -4.8150
v  10.5024 1.3537 -5.1300
v  10.6660 1.5188 -4.9378
v  10.6074 1.3452 -5.1967
v  10.7362 1.5194 -4.9676
v  10.7183 1.3066 -5.2210
v  10.7986 1.4899 -4.9937
v  10.8617 1.2965 -5.1870
v  10.8940 1.5009 -4.9775
v  10.9427 1.2956 -5.1363
v  10.9384 1.4850 -4.9370
v  11.0270 1.2022 -5.0817
v  10.9895 1.4381 -4.8945
v  11.0587 1.1322 -5.0020
v  11.0122 1.3818 -4.8568
v  11.0736 1.0909 -4.9019
v  11.0210 1.3532 -4.7963
v  11.0584 1.0682 -4.7912
v  11.0116 1.3405 -4.7261
v  11.0327 1.0449 -4.6696
v  10.9825 1.3415 -4.6580
v  10.9298 1.0638 -4.5955
v  10.9323 1.3411 -4.6045
v  15.7914 14.7693 0.6871
v  15.7877 14.7860 0.6035
v  15.7799 14.7858 0.5190
v  15.7771 14.7998 0.4519
v  15.7691 14.7904 0.3898
v  15.7137 14.8066 0.3961
v  15.7180 14.8097 0.4534
v  15.7190 14.7986 0.5205
v  15.7253 14.8024 0.6091
v  15.7267 14.7876 0.7001
v  10.9627 1.3563 -4.6936
v  10.8309 1.5022 -4.9462
v  10.8907 1.4501 -4.8406
v  10.8649 1.4911 -4.8966
v  10.9072 1.4006 -4.7946
v  10.9354 1.3745 -4.7417
v  10.9063 1.3745 -4.6561
v  10.8442 1.3946 -4.6149
v  10.8777 1.3888 -4.7048
v  10.8150 1.4044 -4.6648
v  10.8474 1.4112 -4.7592
v  10.7832 1.4227 -4.7212
v  10.8275 1.4579 -4.8062
v  10.7608 1.4660 -4.7698
v  10.8005 1.4965 -4.8612
v  10.7335 1.5021 -4.8244
v  10.7684 1.5199 -4.9158
v  10.7007 1.5227 -4.8835
v  10.7928 1.4112 -4.5807
v  10.7180 1.4285 -4.6029
v  10.6813 1.4409 -4.6609
v  10.6518 1.4793 -4.7104
v  10.6205 1.5115 -4.7623
v  10.6484 1.5241 -4.8423
v  10.7037 1.4730 -4.7387
v  10.6752 1.5069 -4.7923
v  10.7290 1.4324 -4.6891
v  10.7625 1.4174 -4.6313
# 552 vertices

vn 0.2356 0.9177 0.3199
vn 0.3513 0.8828 0.3119
vn 0.1814 0.9647 0.1908
vn 0.1731 0.9706 0.1672
vn -0.0615 0.9945 -0.0844
vn 0.2878 0.9477 -0.1381
vn 0.3208 0.8881 0.3291
vn 0.1298 0.9507 0.2818
vn -0.1781 0.9747 0.1349
vn 0.3340 0.9221 0.1955
vn 0.1118 0.9861 0.1227
vn -0.2328 0.9724 -0.0158
vn 0.2698 0.9584 -0.0932
vn 0.1144 0.9584 -0.2616
vn 0.0377 0.9896 0.1390
vn 0.3747 0.5769 0.7258
vn 0.4818 0.6426 0.5958
vn 0.2053 0.9782 0.0302
vn 0.0738 0.9894 0.1253
vn -0.2016 0.9631 0.1782
vn 0.2917 0.9521 -0.0914
vn 0.2160 0.9710 0.1028
vn 0.3882 0.8120 0.4358
vn 0.5610 0.6532 0.5085
vn 0.3542 0.9337 -0.0534
vn 0.4649 0.8818 -0.0793
vn -0.0913 0.9699 -0.2257
vn -0.0806 0.9938 -0.0772
vn 0.2403 0.9398 0.2430
vn 0.3056 0.9509 -0.0492
vn 0.3935 0.8745 -0.2838
vn 0.4691 0.8728 0.1349
vn 0.3844 0.8483 0.3643
vn 0.5737 0.7620 0.3004
vn 0.6143 0.7850 0.0796
vn 0.4621 0.8623 -0.2070
vn 0.4550 0.8119 0.3657
vn 0.3456 0.8210 0.4545
vn 0.5631 0.6130 0.5542
vn 0.4040 0.6330 0.6603
vn 0.4643 0.8012 0.3774
vn 0.6423 0.6050 0.4706
vn 0.4729 0.8129 0.3399
vn 0.6884 0.6336 0.3531
vn 0.5050 0.8465 0.1689
vn 0.7141 0.6837 0.1502
vn 0.3484 0.9315 -0.1043
vn 0.6339 0.7699 0.0736
vn 0.6309 0.7758 -0.0128
vn 0.3830 0.9183 0.0998
vn 0.5348 0.6964 0.4785
vn 0.4528 0.8915 -0.0123
vn 0.1485 0.9887 0.0180
vn 0.2646 0.9643 0.0059
vn 0.0657 0.9964 -0.0538
vn 0.0691 0.9925 0.1004
vn 0.3652 0.9309 -0.0011
vn 0.3581 0.9126 0.1976
vn 0.5080 0.8193 0.2658
vn 0.4328 0.8935 0.1197
vn 0.5083 0.8462 0.1600
vn 0.3155 0.9455 -0.0804
vn 0.4732 0.8805 0.0289
vn 0.6009 0.7099 0.3674
vn 0.3390 0.8637 0.3728
vn 0.2767 0.9540 0.1154
vn 0.2627 0.8871 0.3795
vn 0.3084 0.7590 0.5734
vn 0.1594 0.9798 0.1207
vn 0.1617 0.9849 -0.0621
vn 0.0193 0.9518 0.3061
vn 0.0367 0.9946 0.0967
vn 0.0280 0.9396 0.3411
vn 0.2787 0.9031 0.3268
vn -0.0675 0.8291 0.5549
vn 0.4065 0.9127 0.0424
vn 0.1437 0.9887 -0.0437
vn 0.0088 0.9979 0.0641
vn 0.2710 0.9401 0.2069
vn 0.3954 0.8739 0.2827
vn 0.2438 0.9439 0.2227
vn 0.4137 0.9075 0.0726
vn -0.0425 0.9858 0.1625
vn 0.2540 0.9520 0.1708
vn 0.3112 0.9208 0.2351
vn -0.0291 0.9727 0.2303
vn 0.1746 0.9423 0.2856
vn 0.1451 0.9882 0.0489
vn -0.1219 0.9135 0.3882
vn 0.0870 0.9628 0.2558
vn 0.3403 0.7578 0.5567
vn -0.0386 0.8824 0.4689
vn 0.1484 0.8955 0.4196
vn -0.0512 0.9963 0.0690
vn -0.0129 0.7844 0.6201
vn 0.2915 0.8266 0.4813
vn 0.1534 0.7012 0.6963
vn 0.2909 0.7072 0.6444
vn 0.5240 0.7458 0.4113
vn 0.1424 0.8806 0.4519
vn 0.6326 0.3181 0.7061
vn 0.4288 0.3422 0.8361
vn 0.7729 0.3233 0.5460
vn 0.8217 0.0723 0.5654
vn 0.9392 0.1262 0.3195
vn 0.8646 0.3673 0.3428
vn 0.9010 0.4225 0.0990
vn 0.8412 0.5303 -0.1057
vn 0.9237 0.3284 -0.1971
vn 0.8169 0.4375 -0.3760
vn 0.7937 0.5668 -0.2211
vn 0.6338 0.6908 -0.3479
vn 0.5580 0.8262 -0.0774
vn 0.4271 0.8261 -0.3676
vn 0.4988 0.8667 0.0038
vn 0.2323 0.8775 -0.4197
vn 0.4275 0.6425 -0.6360
vn 0.1708 0.7483 -0.6410
vn 0.0339 0.9275 -0.3723
vn -0.0758 0.8197 -0.5677
vn -0.1650 0.9645 -0.2061
vn -0.2562 0.8622 -0.4370
vn -0.4494 0.8527 -0.2662
vn -0.2631 0.9552 -0.1357
vn -0.0883 0.9299 -0.3570
vn -0.3539 0.9336 0.0564
vn -0.3911 0.8887 0.2393
vn -0.6290 0.7458 0.2194
vn -0.6128 0.6372 0.4674
vn -0.4117 0.7889 0.4562
vn -0.3074 0.7152 0.6276
vn -0.5071 0.5222 0.6857
vn -0.3407 0.3906 0.8552
vn -0.1924 0.5926 0.7822
vn 0.0071 0.4884 0.8726
vn -0.1061 0.2659 0.9581
vn 0.1491 0.1652 0.9749
vn 0.2199 0.4262 0.8775
vn 0.4047 0.0879 0.9102
vn 0.6403 0.0606 0.7657
vn 0.3563 -0.1643 0.9198
vn 0.6095 -0.1989 0.7674
vn 0.8182 -0.1849 0.5445
vn 0.9528 -0.1297 0.2745
vn 0.9994 -0.0331 -0.0119
vn 0.9780 0.2024 0.0510
vn 0.9533 0.0909 -0.2880
vn 0.8215 0.2373 -0.5186
vn 0.6487 0.5217 -0.5541
vn 0.6351 0.3510 -0.6881
vn 0.4032 0.4737 -0.7829
vn -0.1514 0.6798 -0.7176
vn 0.1248 0.5903 -0.7975
vn -0.3972 0.7201 -0.5690
vn -0.6118 0.6975 -0.3730
vn -0.7479 0.6530 -0.1190
vn -0.5750 0.8176 -0.0306
vn -0.8011 0.5715 0.1777
vn -0.7773 0.4416 0.4481
vn -0.6588 0.3053 0.6876
vn -0.4681 0.1599 0.8691
vn -0.2107 0.0208 0.9773
vn 0.0758 -0.0884 0.9932
vn 0.5273 -0.4620 0.7131
vn 0.2637 -0.4505 0.8530
vn 0.7513 -0.4549 0.4782
vn 0.8902 -0.4077 0.2035
vn 0.9464 -0.3092 -0.0932
vn 0.9062 -0.1831 -0.3810
vn 0.7748 -0.0324 -0.6314
vn 0.5826 0.1104 -0.8052
vn 0.3422 0.2394 -0.9086
vn -0.2606 0.4382 -0.8603
vn 0.0405 0.3620 -0.9313
vn -0.5284 0.4913 -0.6924
vn -0.7486 0.4638 -0.4738
vn -0.8896 0.4053 -0.2105
vn -0.9403 0.3240 0.1039
vn -0.9047 0.1771 0.3875
vn -0.7760 0.0364 0.6297
vn -0.5725 -0.1141 0.8119
vn -0.3077 -0.2575 0.9160
vn -0.0229 -0.3747 0.9269
vn 0.1175 -0.6786 0.7250
vn 0.3583 -0.7168 0.5982
vn 0.6039 -0.7095 0.3634
vn 0.7458 -0.6580 0.1043
vn 0.8003 -0.5748 -0.1709
vn 0.7678 -0.4574 -0.4486
vn 0.6471 -0.3225 -0.6908
vn 0.4672 -0.1866 -0.8642
vn 0.2381 -0.0562 -0.9696
vn -0.3580 0.1428 -0.9227
vn -0.0599 0.0652 -0.9961
vn -0.6154 0.1749 -0.7686
vn -0.8221 0.1619 -0.5459
vn -0.9546 0.1041 -0.2791
vn -0.9999 0.0081 0.0082
vn -0.9530 -0.1119 0.2814
vn -0.8237 -0.2467 0.5106
vn -0.6276 -0.3844 0.6770
vn -0.3676 -0.5160 0.7737
vn -0.0940 -0.6140 0.7837
vn 0.0292 -0.8593 0.5107
vn 0.1683 -0.9042 0.3925
vn 0.3631 -0.9059 0.2179
vn 0.5120 -0.8590 0.0013
vn 0.5683 -0.7885 -0.2353
vn 0.5278 -0.7016 -0.4788
vn 0.4197 -0.6082 -0.6738
vn 0.2837 -0.5004 -0.8180
vn 0.0959 -0.3832 -0.9187
vn -0.4139 -0.2228 -0.8827
vn -0.1705 -0.2791 -0.9450
vn -0.6349 -0.1801 -0.7513
vn -0.8109 -0.1983 -0.5506
vn -0.9088 -0.2483 -0.3352
vn -0.9455 -0.3128 -0.0908
vn -0.9019 -0.4078 0.1425
vn -0.7818 -0.5259 0.3350
vn -0.6196 -0.6380 0.4572
vn -0.4163 -0.7331 0.5378
vn -0.1380 -0.8121 0.5669
vn -0.0988 -0.9690 0.2263
vn 0.0272 -0.9750 0.2204
vn 0.1305 -0.9907 0.0383
vn 0.1986 -0.9761 -0.0878
vn 0.2793 -0.9142 -0.2937
vn 0.2285 -0.8388 -0.4941
vn 0.1104 -0.8131 -0.5716
vn 0.0796 -0.7593 -0.6459
vn -0.0439 -0.6757 -0.7359
vn -0.4123 -0.5878 -0.6960
vn -0.2840 -0.5710 -0.7703
vn -0.5505 -0.5273 -0.6472
vn -0.7153 -0.5238 -0.4626
vn -0.7280 -0.5988 -0.3338
vn -0.7720 -0.6030 -0.2013
vn -0.7436 -0.6683 -0.0200
vn -0.6458 -0.7482 0.1525
vn -0.5129 -0.8360 0.1948
vn -0.4417 -0.8601 0.2552
vn -0.2354 -0.9300 0.2824
vn -0.4613 -0.8760 0.1406
vn -0.6420 -0.7566 0.1243
vn -0.2414 -0.9637 -0.1139
vn -0.1198 -0.9928 -0.0026
vn 0.0076 -0.9512 -0.3085
vn 0.0147 -0.8971 -0.4416
vn -0.0299 -0.9945 -0.1003
vn -0.0893 -0.9893 -0.1154
vn -0.2505 -0.9660 0.0644
vn -0.0222 -0.9946 -0.1011
vn -0.3553 -0.9289 0.1041
vn -0.1711 -0.9731 -0.1545
vn 0.0193 -0.9611 -0.2757
vn -0.1471 -0.9503 -0.2743
vn -0.0083 -0.8962 -0.4436
vn -0.1782 -0.8928 -0.4136
vn -0.2167 -0.7248 -0.6540
vn -0.3788 -0.6122 -0.6940
vn -0.0519 -0.9233 -0.3807
vn -0.1306 -0.9332 -0.3349
vn -0.1261 -0.9222 -0.3655
vn -0.0736 -0.8843 -0.4611
vn -0.0948 -0.8489 -0.5200
vn -0.0482 -0.9408 -0.3356
vn -0.6051 -0.6760 -0.4206
vn -0.3208 -0.7493 -0.5793
vn -0.3030 -0.8620 -0.4065
vn -0.6866 -0.6821 -0.2516
vn -0.1371 -0.7722 -0.6204
vn 0.0394 -0.8235 -0.5660
vn -0.3433 -0.8381 -0.4240
vn -0.4417 -0.7167 -0.5396
vn -0.5895 -0.7211 -0.3640
vn -0.4833 -0.8327 -0.2702
vn -0.6282 -0.7762 -0.0532
vn -0.5606 -0.8219 0.1012
vn -0.5017 -0.7059 -0.5000
vn -0.3792 -0.7212 -0.5797
vn -0.4678 -0.8379 -0.2813
vn -0.6003 -0.7544 -0.2654
vn -0.5849 -0.7986 -0.1419
vn -0.4755 -0.8465 -0.2395
vn -0.5213 -0.8533 -0.0128
vn -0.4259 -0.8931 -0.1449
vn -0.2525 -0.9594 0.1261
vn -0.0936 -0.9904 0.1015
vn -0.5909 -0.8031 -0.0767
vn -0.6362 -0.7357 -0.2323
vn -0.4342 -0.8938 -0.1125
vn -0.4464 -0.8917 0.0747
vn 0.0849 -0.9911 -0.1024
vn -0.2487 -0.9663 0.0662
vn 0.1492 -0.9675 -0.2041
vn -0.2419 -0.9644 -0.1068
vn -0.7677 -0.6366 0.0729
vn -0.4114 -0.8554 -0.3149
vn -0.4380 -0.7283 -0.5270
vn -0.5216 -0.5529 -0.6498
vn 0.0014 -0.7841 -0.6207
vn -0.5435 -0.7450 -0.3868
vn -0.4965 -0.8529 0.1616
vn -0.4405 -0.8794 -0.1804
vn -0.7465 -0.6290 -0.2170
vn -0.4118 -0.8746 -0.2560
vn -0.7266 -0.6581 -0.1971
vn -0.4629 -0.8120 -0.3556
vn -0.7416 -0.6443 -0.1868
vn -0.5417 -0.5346 -0.6486
vn -0.6704 -0.7032 -0.2369
vn -0.2156 -0.9460 -0.2420
vn -0.2824 -0.9131 -0.2941
vn -0.4677 -0.8809 0.0729
vn -0.0237 -0.9937 -0.1092
vn -0.1236 -0.9718 0.2007
vn -0.2961 -0.9450 -0.1387
vn -0.7011 -0.7100 -0.0661
vn -0.2107 -0.9587 0.1909
vn -0.1950 -0.9798 0.0439
vn 0.1082 -0.9021 -0.4178
vn -0.1609 -0.9565 -0.2433
vn 0.0089 -0.9974 0.0713
vn -0.2855 -0.9535 -0.0967
vn 0.0273 -0.9973 0.0682
vn -0.4278 -0.8744 0.2290
vn -0.0394 -0.9970 -0.0662
vn -0.2179 -0.8132 -0.5397
vn -0.2341 -0.9199 -0.3146
vn 0.1311 -0.9529 -0.2736
vn -0.2733 -0.8880 -0.3698
vn 0.0950 -0.8685 -0.4866
vn -0.2108 -0.9224 -0.3236
vn 0.0921 -0.8369 -0.5396
vn 0.0669 -0.9977 0.0118
vn -0.0535 -0.8523 -0.5203
vn -0.4016 -0.8443 -0.3547
vn -0.5619 -0.7411 -0.3675
vn -0.1834 -0.6853 -0.7048
vn -0.2161 -0.8934 -0.3939
vn 0.2253 -0.8958 -0.3831
vn -0.2603 -0.6672 -0.6979
vn 0.8133 0.5457 0.2019
vn 0.7849 0.5996 0.1562
vn 0.4314 0.8884 0.1572
vn 0.4681 0.8281 0.3086
vn 0.0124 0.9627 0.2703
vn -0.0152 0.9476 0.3192
vn 0.4468 0.8589 0.2502
vn 0.1362 0.9216 -0.3635
vn 0.4825 0.4588 0.7461
vn -0.1234 0.9154 0.3832
vn -0.2156 0.9371 0.2745
vn 0.0923 0.9952 0.0337
vn 0.2621 0.9493 0.1738
vn 0.4859 0.8626 -0.1410
vn 0.4006 0.8779 -0.2622
vn 0.2109 0.9561 0.2035
vn 0.2530 0.8639 0.4356
vn 0.2136 0.9699 -0.1169
vn 0.2241 0.9052 0.3611
vn 0.5475 0.4440 0.7093
vn -0.1418 0.9718 -0.1884
vn 0.3769 0.8300 0.4111
vn 0.7437 0.5961 0.3027
vn -0.0094 0.9283 0.3717
vn -0.0851 0.9689 -0.2323
vn -0.2316 0.9664 0.1111
vn -0.5375 0.8292 0.1536
vn 0.3990 0.9077 0.1299
vn 0.6938 0.6677 0.2698
vn -0.2552 -0.9668 -0.0126
vn -0.7110 -0.6822 0.1704
vn -0.1723 -0.9805 -0.0944
vn -0.8396 -0.4908 0.2327
vn -0.4344 -0.4281 -0.7925
vn -0.5150 -0.2717 -0.8130
vn -0.3151 -0.7360 -0.5992
vn -0.2315 -0.7738 -0.5896
vn -0.0352 -0.9612 -0.2737
vn -0.0372 -0.9790 -0.2004
vn -0.7955 -0.5709 -0.2029
vn -0.8499 -0.5191 -0.0900
vn -0.3439 -0.8249 -0.4487
vn -0.3690 -0.7836 -0.4999
vn 0.1317 -0.7885 -0.6008
vn 0.3211 -0.7439 -0.5860
vn -0.5869 -0.7633 0.2700
vn -0.5401 -0.7397 0.4015
vn -0.5042 -0.8313 -0.2338
vn -0.5545 -0.7921 -0.2552
vn -0.3568 -0.6544 -0.6667
vn -0.2462 -0.5821 -0.7749
vn 0.0448 -0.9753 0.2163
vn 0.1788 -0.9545 0.2385
vn -0.3425 -0.9385 -0.0439
vn -0.3843 -0.9232 0.0006
vn -0.6763 -0.6992 -0.2318
vn -0.7429 -0.5842 -0.3268
vn 0.3627 -0.8954 -0.2582
vn 0.5234 -0.7923 -0.3134
vn -0.9223 -0.2630 0.2832
vn -0.4372 -0.8973 -0.0610
vn -0.1891 -0.9608 -0.2029
vn 0.1686 -0.7499 -0.6397
vn -0.4574 -0.8133 0.3596
vn -0.4140 -0.7091 -0.5707
vn -0.5330 -0.2291 -0.8145
vn -0.1034 -0.9675 -0.2307
vn -0.8454 -0.5316 -0.0526
vn -0.2492 -0.8979 -0.3628
vn 0.3370 -0.7554 -0.5619
vn -0.5132 -0.7460 0.4244
vn -0.3846 -0.8866 -0.2571
vn -0.2240 -0.6069 -0.7626
vn 0.2108 -0.9520 0.2220
vn -0.3221 -0.9313 -0.1701
vn -0.7213 -0.5988 -0.3479
vn 0.5222 -0.7867 -0.3294
vn -0.4767 0.8786 -0.0292
vn -0.2917 0.8897 -0.3513
vn -0.4158 0.7517 -0.5119
vn -0.6430 0.7538 -0.1352
vn -0.3194 0.9468 0.0410
vn -0.0883 0.9889 -0.1192
vn -0.4775 0.8786 -0.0048
vn -0.6969 0.7162 0.0382
vn -0.3414 0.9292 0.1417
vn -0.2665 0.9329 0.2424
vn -0.5956 0.7470 0.2954
vn -0.2866 0.9014 0.3245
vn -0.4065 0.8766 0.2576
vn -0.5917 0.7165 0.3694
vn -0.3190 0.8968 0.3065
vn -0.1250 0.9751 0.1831
vn -0.3819 0.8428 0.3792
vn -0.2067 0.9770 0.0517
vn 0.2693 0.8123 0.5173
vn 0.1085 0.6735 0.7311
vn 0.4810 0.6867 0.5450
vn 0.4386 0.4673 0.7676
vn 0.4039 0.7637 0.5036
vn 0.1228 0.9707 0.2067
vn 0.3645 0.6122 0.7016
vn 0.3297 0.4504 0.8297
vn 0.2619 0.4528 0.8523
vn 0.0913 0.6869 0.7210
vn 0.2051 0.5228 0.8274
vn 0.3514 0.7857 0.5091
vn 0.4343 0.5981 0.6735
vn 0.5116 0.6703 0.5376
vn 0.3463 0.7646 0.5436
vn 0.5410 0.7637 0.3524
vn 0.7038 0.5684 0.4261
vn 0.5698 0.7457 0.3454
vn 0.6145 0.7889 -0.0018
vn 0.8053 0.5929 -0.0008
vn 0.6483 0.7613 -0.0001
vn 0.6551 0.7241 -0.2156
vn 0.8053 0.5258 -0.2739
vn 0.6784 0.7142 -0.1725
vn 0.4995 0.7948 -0.3446
vn 0.6806 0.5823 -0.4447
vn 0.6193 0.7421 -0.2565
vn 0.4593 0.7034 -0.5424
vn 0.5035 0.5739 -0.6459
vn 0.5657 0.7068 -0.4248
vn 0.4369 0.7366 -0.5162
vn 0.3720 0.6024 -0.7062
vn 0.1176 0.8546 -0.5058
vn 0.0158 0.7074 -0.7067
vn 0.1739 0.9243 -0.3398
vn 0.4630 0.8608 -0.2111
vn -0.1874 -0.3143 -0.9307
vn -0.4265 -0.2777 -0.8608
vn -0.4234 -0.5619 -0.7106
vn -0.2670 -0.3948 -0.8791
vn -0.0088 -0.3740 -0.9274
vn -0.1647 -0.7494 -0.6413
vn 0.2593 -0.5584 -0.7880
vn 0.1068 -0.8061 -0.5821
vn 0.4077 -0.6432 -0.6482
vn 0.2096 -0.7881 -0.5787
vn 0.4720 -0.7140 -0.5171
vn 0.2179 -0.8347 -0.5058
vn 0.4939 -0.8420 -0.2172
vn 0.2427 -0.9294 -0.2780
vn 0.3994 -0.9154 0.0499
vn 0.3145 -0.9234 0.2202
vn 0.2768 -0.9402 0.1985
vn 0.3105 -0.9506 -0.0045
vn 0.2236 -0.9143 0.3378
vn 0.1882 -0.9374 0.2931
vn -0.0040 -0.8963 0.4435
vn -0.0497 -0.9327 0.3571
vn -0.1796 -0.8408 0.5107
vn -0.0837 -0.8621 0.4998
vn -0.2510 -0.8081 0.5329
vn -0.3051 -0.8938 0.3286
vn -0.6032 -0.6718 0.4298
vn -0.5732 -0.8189 0.0290
vn -0.8606 -0.4945 0.1216
vn -0.7499 -0.6452 -0.1462
vn -0.9215 -0.3884 -0.0101
vn -0.8326 -0.5258 -0.1740
vn -0.9326 -0.3462 -0.1023
vn -0.8065 -0.5621 -0.1830
vn -0.9277 -0.2963 -0.2271
vn -0.7946 -0.5412 -0.2752
vn -0.7886 -0.3726 -0.4892
vn -0.7142 -0.5280 -0.4595
vn -0.5988 -0.2398 -0.7641
vn -0.6442 -0.4301 -0.6325
vn 0.3211 0.9108 0.2596
vn 0.2673 0.9602 0.0812
vn 0.2207 0.9715 0.0863
vn 0.1782 0.9839 0.0136
vn 0.2365 0.9652 -0.1119
vn 0.2606 0.9277 0.2672
vn 0.1874 0.9820 0.0256
vn 0.2097 0.9766 0.0482
vn 0.2619 0.9638 0.0506
vn 0.3393 0.9151 0.2179
vn -0.3888 -0.9102 -0.1428
vn -0.0968 -0.9939 0.0528
vn -0.3943 -0.7594 -0.5176
vn -0.2421 -0.9213 -0.3043
vn -0.4149 -0.8065 -0.4211
vn -0.3681 -0.9096 -0.1926
vn -0.3931 -0.9017 -0.1799
vn -0.3395 -0.9203 -0.1944
vn -0.3245 -0.9349 -0.1435
vn -0.2766 -0.9567 -0.0906
vn -0.3774 -0.8442 -0.3808
vn -0.3393 -0.8780 -0.3375
vn -0.3683 -0.7906 -0.4892
vn -0.3445 -0.8162 -0.4638
vn -0.2820 -0.9033 -0.3233
vn -0.2491 -0.9104 -0.3303
vn -0.2102 -0.9770 -0.0351
vn -0.0783 -0.9934 -0.0835
vn -0.4514 -0.8521 -0.2649
vn -0.2327 -0.9726 0.0015
vn -0.3084 -0.9188 -0.2465
vn -0.3227 -0.8599 -0.3955
vn -0.2141 -0.9451 -0.2470
vn -0.0669 -0.9911 -0.1150
vn -0.3477 -0.8367 -0.4232
vn -0.2325 -0.9244 -0.3023
vn -0.3410 -0.8981 -0.2778
vn -0.2719 -0.9620 -0.0242
# 552 vertex normals

vt 0.3297 0.0838 0.0000
vt 0.2994 0.0915 0.0000
vt 0.2939 0.0713 0.0000
vt 0.3099 0.0694 0.0000
vt 0.2905 0.0611 0.0000
vt 0.3013 0.0592 0.0000
vt 0.2786 0.0897 0.0000
vt 0.2829 0.0724 0.0000
vt 0.2844 0.0618 0.0000
vt 0.2641 0.0869 0.0000
vt 0.2739 0.0710 0.0000
vt 0.2789 0.0612 0.0000
vt 0.2526 0.0879 0.0000
vt 0.2613 0.0748 0.0000
vt 0.2699 0.0636 0.0000
vt 0.2033 0.0567 0.0000
vt 0.2024 0.0701 0.0000
vt 0.1938 0.0676 0.0000
vt 0.1948 0.0542 0.0000
vt 0.1998 0.0395 0.0000
vt 0.2038 0.0435 0.0000
vt 0.5640 0.0517 0.0000
vt 0.5628 0.0695 0.0000
vt 0.5494 0.0654 0.0000
vt 0.5527 0.0529 0.0000
vt 0.5548 0.0393 0.0000
vt 0.5643 0.0401 0.0000
vt 0.4693 0.0577 0.0000
vt 0.4742 0.0702 0.0000
vt 0.4622 0.0707 0.0000
vt 0.4586 0.0523 0.0000
vt 0.4582 0.0397 0.0000
vt 0.4648 0.0437 0.0000
vt 0.4521 0.0542 0.0000
vt 0.4483 0.0723 0.0000
vt 0.4377 0.0669 0.0000
vt 0.4467 0.0513 0.0000
vt 0.4505 0.0387 0.0000
vt 0.4549 0.0395 0.0000
vt 0.3157 0.1158 0.0000
vt 0.3465 0.1078 0.0000
vt 0.3247 0.1415 0.0000
vt 0.3605 0.1334 0.0000
vt 0.2944 0.1191 0.0000
vt 0.2931 0.1458 0.0000
vt 0.2695 0.1148 0.0000
vt 0.2612 0.1427 0.0000
vt 0.2503 0.1123 0.0000
vt 0.2302 0.1374 0.0000
vt 0.2375 0.1008 0.0000
vt 0.2075 0.1230 0.0000
vt 0.1699 0.1185 0.0000
vt 0.1893 0.0864 0.0000
vt 0.2031 0.0918 0.0000
vt 0.1581 0.1085 0.0000
vt 0.1812 0.0726 0.0000
vt 0.1544 0.1006 0.0000
vt 0.1699 0.0776 0.0000
vt 0.1874 0.0481 0.0000
vt 0.8963 0.1149 0.0000
vt 0.8818 0.0800 0.0000
vt 0.8902 0.0841 0.0000
vt 0.9014 0.1083 0.0000
vt 0.8626 0.0766 0.0000
vt 0.8512 0.1215 0.0000
vt 0.8504 0.0910 0.0000
vt 0.8672 0.0460 0.0000
vt 0.8746 0.0478 0.0000
vt 0.8806 0.0514 0.0000
vt 0.8459 0.0763 0.0000
vt 0.8547 0.0603 0.0000
vt 0.8635 0.0417 0.0000
vt 0.8361 0.0884 0.0000
vt 0.8225 0.1162 0.0000
vt 0.8321 0.0713 0.0000
vt 0.8442 0.0580 0.0000
vt 0.8001 0.1053 0.0000
vt 0.8215 0.0758 0.0000
vt 0.8304 0.0443 0.0000
vt 0.8372 0.0405 0.0000
vt 0.8420 0.0373 0.0000
vt 0.6670 0.0804 0.0000
vt 0.6909 0.1078 0.0000
vt 0.6687 0.1180 0.0000
vt 0.6536 0.0816 0.0000
vt 0.6437 0.0495 0.0000
vt 0.6521 0.0496 0.0000
vt 0.6361 0.0833 0.0000
vt 0.6371 0.0502 0.0000
vt 0.6349 0.1231 0.0000
vt 0.6263 0.0791 0.0000
vt 0.6264 0.0652 0.0000
vt 0.6316 0.0458 0.0000
vt 0.5968 0.1119 0.0000
vt 0.6167 0.0848 0.0000
vt 0.5754 0.0871 0.0000
vt 0.5589 0.1228 0.0000
vt 0.5589 0.0945 0.0000
vt 0.5387 0.0837 0.0000
vt 0.5168 0.1106 0.0000
vt 0.4708 0.0963 0.0000
vt 0.4892 0.0857 0.0000
vt 0.4787 0.1247 0.0000
vt 0.4428 0.0980 0.0000
vt 0.4383 0.1266 0.0000
vt 0.3948 0.1147 0.0000
vt 0.4220 0.0892 0.0000
vt 0.3597 0.0975 0.0000
vt 0.3279 0.1799 0.0000
vt 0.3661 0.1726 0.0000
vt 0.2896 0.1852 0.0000
vt 0.2867 0.2160 0.0000
vt 0.2455 0.2128 0.0000
vt 0.2514 0.1829 0.0000
vt 0.2124 0.1805 0.0000
vt 0.1744 0.1713 0.0000
vt 0.1586 0.2081 0.0000
vt 0.1169 0.1974 0.0000
vt 0.1424 0.1596 0.0000
vt 0.1121 0.1261 0.0000
vt 0.1300 0.1107 0.0000
vt 0.9042 0.1471 0.0000
vt 0.9135 0.1219 0.0000
vt 0.9217 0.1238 0.0000
vt 0.9320 0.1469 0.0000
vt 0.8513 0.1507 0.0000
vt 0.9121 0.2044 0.0000
vt 0.8507 0.2012 0.0000
vt 0.8119 0.1438 0.0000
vt 0.8002 0.1926 0.0000
vt 0.7821 0.1312 0.0000
vt 0.7501 0.1729 0.0000
vt 0.7014 0.1873 0.0000
vt 0.6887 0.1539 0.0000
vt 0.7241 0.1384 0.0000
vt 0.6461 0.1592 0.0000
vt 0.6045 0.1567 0.0000
vt 0.6108 0.1933 0.0000
vt 0.5681 0.1939 0.0000
vt 0.5636 0.1598 0.0000
vt 0.5230 0.1567 0.0000
vt 0.5268 0.1952 0.0000
vt 0.4861 0.1974 0.0000
vt 0.4832 0.1623 0.0000
vt 0.4423 0.1644 0.0000
vt 0.4458 0.1997 0.0000
vt 0.4063 0.2028 0.0000
vt 0.4030 0.1637 0.0000
vt 0.3672 0.2073 0.0000
vt 0.3274 0.2123 0.0000
vt 0.3667 0.2570 0.0000
vt 0.3255 0.2594 0.0000
vt 0.2831 0.2607 0.0000
vt 0.2390 0.2598 0.0000
vt 0.1937 0.2575 0.0000
vt 0.2025 0.2137 0.0000
vt 0.1466 0.2532 0.0000
vt 0.0988 0.2464 0.0000
vt 0.0734 0.1778 0.0000
vt 0.0487 0.2350 0.0000
vt 0.9168 0.2518 0.0000
vt 0.9478 0.1992 0.0000
vt 0.9564 0.2508 0.0000
vt 0.8012 0.2392 0.0000
vt 0.8513 0.2465 0.0000
vt 0.7533 0.2337 0.0000
vt 0.7070 0.2362 0.0000
vt 0.6608 0.2401 0.0000
vt 0.6547 0.1920 0.0000
vt 0.6163 0.2426 0.0000
vt 0.5724 0.2451 0.0000
vt 0.5304 0.2470 0.0000
vt 0.4891 0.2497 0.0000
vt 0.4482 0.2521 0.0000
vt 0.4076 0.2544 0.0000
vt 0.3253 0.3104 0.0000
vt 0.3675 0.3099 0.0000
vt 0.2815 0.3101 0.0000
vt 0.2366 0.3091 0.0000
vt 0.1903 0.3081 0.0000
vt 0.1421 0.3073 0.0000
vt 0.0920 0.3071 0.0000
vt 0.0385 0.3073 0.0000
vt 0.9153 0.3085 0.0000
vt 0.9558 0.3137 0.0000
vt 0.8000 0.2929 0.0000
vt 0.8488 0.2992 0.0000
vt 0.7528 0.2848 0.0000
vt 0.7075 0.2899 0.0000
vt 0.6626 0.2923 0.0000
vt 0.6186 0.2905 0.0000
vt 0.5748 0.2976 0.0000
vt 0.5325 0.3004 0.0000
vt 0.4908 0.3033 0.0000
vt 0.4494 0.3058 0.0000
vt 0.4083 0.3081 0.0000
vt 0.3693 0.3657 0.0000
vt 0.3288 0.3705 0.0000
vt 0.2875 0.3702 0.0000
vt 0.2394 0.3675 0.0000
vt 0.1941 0.3679 0.0000
vt 0.1478 0.3707 0.0000
vt 0.1003 0.3769 0.0000
vt 0.0509 0.3887 0.0000
vt 0.9392 0.3850 0.0000
vt 0.9022 0.3737 0.0000
vt 0.7938 0.3552 0.0000
vt 0.8400 0.3610 0.0000
vt 0.7484 0.3524 0.0000
vt 0.7043 0.3525 0.0000
vt 0.6611 0.3543 0.0000
vt 0.6183 0.3561 0.0000
vt 0.5755 0.3586 0.0000
vt 0.5333 0.3619 0.0000
vt 0.4921 0.3653 0.0000
vt 0.4510 0.3683 0.0000
vt 0.4106 0.3643 0.0000
vt 0.3710 0.4257 0.0000
vt 0.3277 0.4240 0.0000
vt 0.2865 0.4263 0.0000
vt 0.2461 0.4248 0.0000
vt 0.2049 0.4259 0.0000
vt 0.1638 0.4311 0.0000
vt 0.1237 0.4413 0.0000
vt 0.0845 0.4596 0.0000
vt 0.9082 0.4487 0.0000
vt 0.8784 0.4343 0.0000
vt 0.7831 0.4155 0.0000
vt 0.8252 0.4203 0.0000
vt 0.7415 0.4131 0.0000
vt 0.6994 0.4135 0.0000
vt 0.6585 0.4156 0.0000
vt 0.6179 0.4162 0.0000
vt 0.5763 0.4177 0.0000
vt 0.5349 0.4219 0.0000
vt 0.4944 0.4266 0.0000
vt 0.4535 0.4284 0.0000
vt 0.4116 0.4287 0.0000
vt 0.3708 0.5014 0.0000
vt 0.3274 0.4862 0.0000
vt 0.2905 0.4831 0.0000
vt 0.2554 0.4824 0.0000
vt 0.2181 0.4804 0.0000
vt 0.1889 0.4884 0.0000
vt 0.1625 0.5046 0.0000
vt 0.1287 0.5115 0.0000
vt 0.8681 0.5007 0.0000
vt 0.8484 0.4879 0.0000
vt 0.7692 0.4838 0.0000
vt 0.8070 0.4778 0.0000
vt 0.7334 0.4720 0.0000
vt 0.6953 0.4727 0.0000
vt 0.6554 0.4866 0.0000
vt 0.6163 0.4748 0.0000
vt 0.5781 0.4752 0.0000
vt 0.5397 0.4802 0.0000
vt 0.5002 0.4973 0.0000
vt 0.4547 0.4871 0.0000
vt 0.4137 0.4878 0.0000
vt 0.3385 0.5264 0.0000
vt 0.3209 0.5495 0.0000
vt 0.3106 0.5466 0.0000
vt 0.3167 0.5191 0.0000
vt 0.2960 0.5402 0.0000
vt 0.3010 0.5506 0.0000
vt 0.2879 0.5131 0.0000
vt 0.2842 0.5363 0.0000
vt 0.2712 0.5392 0.0000
vt 0.2592 0.5147 0.0000
vt 0.2629 0.5489 0.0000
vt 0.2543 0.5427 0.0000
vt 0.2307 0.5135 0.0000
vt 0.2386 0.5420 0.0000
vt 0.2067 0.5190 0.0000
vt 0.2244 0.5447 0.0000
vt 0.1926 0.5296 0.0000
vt 0.2164 0.5487 0.0000
vt 0.1650 0.5350 0.0000
vt 0.1725 0.5614 0.0000
vt 0.1633 0.5644 0.0000
vt 0.1471 0.5384 0.0000
vt 0.8454 0.5261 0.0000
vt 0.8331 0.5155 0.0000
vt 0.8245 0.5496 0.0000
vt 0.8164 0.5441 0.0000
vt 0.7849 0.5140 0.0000
vt 0.8034 0.5102 0.0000
vt 0.8008 0.5404 0.0000
vt 0.7921 0.5411 0.0000
vt 0.7456 0.5112 0.0000
vt 0.7310 0.5357 0.0000
vt 0.7216 0.5328 0.0000
vt 0.7271 0.5037 0.0000
vt 0.7012 0.5041 0.0000
vt 0.7085 0.5328 0.0000
vt 0.6829 0.5121 0.0000
vt 0.6994 0.5355 0.0000
vt 0.6271 0.5142 0.0000
vt 0.6083 0.5370 0.0000
vt 0.5982 0.5335 0.0000
vt 0.6082 0.5056 0.0000
vt 0.5800 0.5051 0.0000
vt 0.5825 0.5329 0.0000
vt 0.5522 0.5096 0.0000
vt 0.5672 0.5353 0.0000
vt 0.5350 0.5199 0.0000
vt 0.5581 0.5392 0.0000
vt 0.4719 0.5236 0.0000
vt 0.4560 0.5475 0.0000
vt 0.4452 0.5446 0.0000
vt 0.4507 0.5162 0.0000
vt 0.4028 0.5261 0.0000
vt 0.4219 0.5179 0.0000
vt 0.4220 0.5477 0.0000
vt 0.4310 0.5455 0.0000
vt 0.3121 0.5650 0.0000
vt 0.3064 0.5647 0.0000
vt 0.3092 0.5758 0.0000
vt 0.3049 0.5756 0.0000
vt 0.3003 0.5620 0.0000
vt 0.3004 0.5731 0.0000
vt 0.2598 0.5600 0.0000
vt 0.2516 0.5610 0.0000
vt 0.2556 0.5710 0.0000
vt 0.2495 0.5718 0.0000
vt 0.2432 0.5603 0.0000
vt 0.2449 0.5713 0.0000
vt 0.2356 0.5612 0.0000
vt 0.2406 0.5717 0.0000
vt 0.2304 0.5616 0.0000
vt 0.2361 0.5722 0.0000
vt 0.1738 0.5816 0.0000
vt 0.1781 0.5785 0.0000
vt 0.1831 0.5883 0.0000
vt 0.1797 0.5912 0.0000
vt 0.8109 0.5653 0.0000
vt 0.8064 0.5624 0.0000
vt 0.8035 0.5743 0.0000
vt 0.8014 0.5728 0.0000
vt 0.7989 0.5597 0.0000
vt 0.7946 0.5588 0.0000
vt 0.7976 0.5712 0.0000
vt 0.7939 0.5703 0.0000
vt 0.7236 0.5520 0.0000
vt 0.7185 0.5518 0.0000
vt 0.7210 0.5631 0.0000
vt 0.7168 0.5632 0.0000
vt 0.7123 0.5517 0.0000
vt 0.7134 0.5631 0.0000
vt 0.7074 0.5516 0.0000
vt 0.7094 0.5629 0.0000
vt 0.5977 0.5521 0.0000
vt 0.5918 0.5519 0.0000
vt 0.5934 0.5627 0.0000
vt 0.5884 0.5627 0.0000
vt 0.5840 0.5515 0.0000
vt 0.5842 0.5624 0.0000
vt 0.5762 0.5521 0.0000
vt 0.5800 0.5626 0.0000
vt 0.5708 0.5526 0.0000
vt 0.5754 0.5632 0.0000
vt 0.4421 0.5637 0.0000
vt 0.4481 0.5635 0.0000
vt 0.4453 0.5743 0.0000
vt 0.4406 0.5747 0.0000
vt 0.4352 0.5636 0.0000
vt 0.4292 0.5632 0.0000
vt 0.4368 0.5743 0.0000
vt 0.4329 0.5742 0.0000
vt 0.4346 0.0649 0.0000
vt 0.4422 0.0537 0.0000
vt 0.4424 0.0502 0.0000
vt 0.4321 0.0642 0.0000
vt 0.3159 0.0685 0.0000
vt 0.3174 0.0713 0.0000
vt 0.3319 0.0782 0.0000
vt 0.3338 0.0767 0.0000
vt 0.2344 0.0886 0.0000
vt 0.2428 0.0876 0.0000
vt 0.2058 0.0766 0.0000
vt 0.2077 0.0802 0.0000
vt 0.8115 0.0854 0.0000
vt 0.7938 0.1042 0.0000
vt 0.7910 0.1023 0.0000
vt 0.8137 0.0783 0.0000
vt 0.6735 0.0792 0.0000
vt 0.6780 0.0861 0.0000
vt 0.6978 0.1043 0.0000
vt 0.6954 0.1068 0.0000
vt 0.6170 0.0761 0.0000
vt 0.6203 0.0746 0.0000
vt 0.5740 0.0694 0.0000
vt 0.5785 0.0720 0.0000
vt 0.5368 0.0713 0.0000
vt 0.5412 0.0694 0.0000
vt 0.4846 0.0715 0.0000
vt 0.4896 0.0724 0.0000
vt 0.4176 0.0847 0.0000
vt 0.4231 0.0806 0.0000
vt 0.3521 0.0880 0.0000
vt 0.3590 0.0895 0.0000
vt 0.7750 0.1262 0.0000
vt 0.7810 0.1224 0.0000
vt 0.7211 0.1241 0.0000
vt 0.7160 0.1262 0.0000
vt 0.1561 0.0853 0.0000
vt 0.9016 0.0937 0.0000
vt 0.9018 0.0993 0.0000
vt 0.3437 0.5315 0.0000
vt 0.3372 0.5355 0.0000
vt 0.3277 0.5526 0.0000
vt 0.3246 0.5518 0.0000
vt 0.1971 0.5379 0.0000
vt 0.2143 0.5507 0.0000
vt 0.2116 0.5522 0.0000
vt 0.1898 0.5349 0.0000
vt 0.1712 0.5369 0.0000
vt 0.1708 0.5434 0.0000
vt 0.1779 0.5611 0.0000
vt 0.1758 0.5621 0.0000
vt 0.7838 0.5236 0.0000
vt 0.7889 0.5428 0.0000
vt 0.7859 0.5427 0.0000
vt 0.7796 0.5178 0.0000
vt 0.7503 0.5161 0.0000
vt 0.7446 0.5207 0.0000
vt 0.7371 0.5386 0.0000
vt 0.7341 0.5379 0.0000
vt 0.6848 0.5211 0.0000
vt 0.6967 0.5376 0.0000
vt 0.6937 0.5383 0.0000
vt 0.6786 0.5169 0.0000
vt 0.6314 0.5193 0.0000
vt 0.6251 0.5233 0.0000
vt 0.6140 0.5401 0.0000
vt 0.6113 0.5391 0.0000
vt 0.5387 0.5281 0.0000
vt 0.5554 0.5414 0.0000
vt 0.5525 0.5428 0.0000
vt 0.5312 0.5253 0.0000
vt 0.4769 0.5286 0.0000
vt 0.4709 0.5328 0.0000
vt 0.4622 0.5505 0.0000
vt 0.4592 0.5497 0.0000
vt 0.4048 0.5347 0.0000
vt 0.4178 0.5495 0.0000
vt 0.4160 0.5504 0.0000
vt 0.3979 0.5312 0.0000
vt 0.3165 0.5627 0.0000
vt 0.3170 0.5650 0.0000
vt 0.2942 0.5552 0.0000
vt 0.2962 0.5536 0.0000
vt 0.2667 0.5522 0.0000
vt 0.2681 0.5542 0.0000
vt 0.2261 0.5629 0.0000
vt 0.2256 0.5595 0.0000
vt 0.1788 0.5746 0.0000
vt 0.1811 0.5769 0.0000
vt 0.7919 0.5555 0.0000
vt 0.7905 0.5587 0.0000
vt 0.7274 0.5495 0.0000
vt 0.7278 0.5528 0.0000
vt 0.7038 0.5489 0.0000
vt 0.7033 0.5522 0.0000
vt 0.6022 0.5496 0.0000
vt 0.6020 0.5528 0.0000
vt 0.5661 0.5505 0.0000
vt 0.5663 0.5538 0.0000
vt 0.4519 0.5609 0.0000
vt 0.4522 0.5641 0.0000
vt 0.4230 0.5648 0.0000
vt 0.4212 0.5598 0.0000
vt 0.2846 0.0584 0.0000
vt 0.2884 0.0576 0.0000
vt 0.2868 0.0547 0.0000
vt 0.2846 0.0553 0.0000
vt 0.2846 0.0527 0.0000
vt 0.2859 0.0523 0.0000
vt 0.2811 0.0581 0.0000
vt 0.2825 0.0551 0.0000
vt 0.2833 0.0526 0.0000
vt 0.2776 0.0575 0.0000
vt 0.2807 0.0543 0.0000
vt 0.2821 0.0519 0.0000
vt 0.2011 0.0344 0.0000
vt 0.2036 0.0351 0.0000
vt 0.2016 0.0304 0.0000
vt 0.2036 0.0307 0.0000
vt 0.2021 0.0274 0.0000
vt 0.2038 0.0278 0.0000
vt 0.1955 0.0358 0.0000
vt 0.1988 0.0297 0.0000
vt 0.2002 0.0264 0.0000
vt 0.8724 0.0387 0.0000
vt 0.8747 0.0391 0.0000
vt 0.8725 0.0332 0.0000
vt 0.8714 0.0331 0.0000
vt 0.8682 0.0380 0.0000
vt 0.8689 0.0330 0.0000
vt 0.8696 0.0299 0.0000
vt 0.8713 0.0299 0.0000
vt 0.8719 0.0298 0.0000
vt 0.8659 0.0362 0.0000
vt 0.8674 0.0325 0.0000
vt 0.8684 0.0299 0.0000
vt 0.8393 0.0325 0.0000
vt 0.8418 0.0309 0.0000
vt 0.8401 0.0267 0.0000
vt 0.8387 0.0273 0.0000
vt 0.8367 0.0334 0.0000
vt 0.8374 0.0278 0.0000
vt 0.8365 0.0247 0.0000
vt 0.8373 0.0243 0.0000
vt 0.8386 0.0241 0.0000
vt 0.6412 0.0402 0.0000
vt 0.6450 0.0390 0.0000
vt 0.6399 0.0347 0.0000
vt 0.6418 0.0338 0.0000
vt 0.6390 0.0316 0.0000
vt 0.6401 0.0308 0.0000
vt 0.6378 0.0407 0.0000
vt 0.6381 0.0350 0.0000
vt 0.6382 0.0319 0.0000
vt 0.6344 0.0384 0.0000
vt 0.6357 0.0344 0.0000
vt 0.6366 0.0318 0.0000
vt 0.5570 0.0314 0.0000
vt 0.5619 0.0321 0.0000
vt 0.5585 0.0270 0.0000
vt 0.5614 0.0277 0.0000
vt 0.5598 0.0242 0.0000
vt 0.5619 0.0247 0.0000
vt 0.4586 0.0355 0.0000
vt 0.4619 0.0361 0.0000
vt 0.4590 0.0320 0.0000
vt 0.4611 0.0320 0.0000
vt 0.4593 0.0292 0.0000
vt 0.4609 0.0291 0.0000
vt 0.4564 0.0351 0.0000
vt 0.4576 0.0315 0.0000
vt 0.4542 0.0338 0.0000
vt 0.4560 0.0306 0.0000
vt 0.4571 0.0280 0.0000
vt 0.4583 0.0285 0.0000
vt 0.2937 0.0554 0.0000
vt 0.2903 0.0529 0.0000
vt 0.2884 0.0508 0.0000
vt 0.4374 0.5781 0.0000
vt 0.4353 0.5786 0.0000
vt 0.4364 0.5847 0.0000
vt 0.4375 0.5841 0.0000
vt 0.4399 0.5784 0.0000
vt 0.4389 0.5848 0.0000
vt 0.4425 0.5788 0.0000
vt 0.4404 0.5848 0.0000
vt 0.5815 0.5662 0.0000
vt 0.5792 0.5673 0.0000
vt 0.5830 0.5722 0.0000
vt 0.5818 0.5731 0.0000
vt 0.5843 0.5662 0.0000
vt 0.5843 0.5720 0.0000
vt 0.5871 0.5664 0.0000
vt 0.5856 0.5722 0.0000
vt 0.5896 0.5671 0.0000
vt 0.7114 0.5679 0.0000
vt 0.7138 0.5671 0.0000
vt 0.7141 0.5733 0.0000
vt 0.7127 0.5737 0.0000
vt 0.7161 0.5672 0.0000
vt 0.7154 0.5733 0.0000
vt 0.7185 0.5678 0.0000
vt 0.7168 0.5740 0.0000
vt 0.7976 0.5753 0.0000
vt 0.7953 0.5755 0.0000
vt 0.7975 0.5815 0.0000
vt 0.7962 0.5820 0.0000
vt 0.8003 0.5764 0.0000
vt 0.7992 0.5824 0.0000
vt 0.8017 0.5776 0.0000
vt 0.8001 0.5831 0.0000
vt 0.1832 0.5934 0.0000
vt 0.1808 0.5947 0.0000
vt 0.1834 0.5997 0.0000
vt 0.1819 0.6002 0.0000
vt 0.2423 0.5754 0.0000
vt 0.2402 0.5767 0.0000
vt 0.2438 0.5814 0.0000
vt 0.2427 0.5824 0.0000
vt 0.2451 0.5751 0.0000
vt 0.2451 0.5811 0.0000
vt 0.2481 0.5754 0.0000
vt 0.2465 0.5813 0.0000
vt 0.2508 0.5761 0.0000
vt 0.2478 0.5820 0.0000
vt 0.3039 0.5792 0.0000
vt 0.3016 0.5784 0.0000
vt 0.3002 0.5846 0.0000
vt 0.3016 0.5848 0.0000
vt 0.3061 0.5803 0.0000
vt 0.3028 0.5857 0.0000
vt 0.2868 0.0498 0.0000
vt 0.2852 0.0491 0.0000
vt 0.2838 0.0483 0.0000
vt 0.2017 0.0240 0.0000
vt 0.2032 0.0239 0.0000
vt 0.2005 0.0240 0.0000
vt 0.8695 0.0296 0.0000
vt 0.6408 0.0304 0.0000
vt 0.6407 0.0291 0.0000
vt 0.6414 0.0294 0.0000
vt 0.6396 0.0288 0.0000
vt 0.6383 0.0286 0.0000
vt 0.6365 0.0286 0.0000
vt 0.5598 0.0218 0.0000
vt 0.5616 0.0215 0.0000
vt 0.4592 0.0274 0.0000
vt 0.4582 0.0265 0.0000
vt 0.5598 0.0205 0.0000
vt 0.5614 0.0203 0.0000
vt 0.6383 0.0275 0.0000
vt 0.6367 0.0274 0.0000
vt 0.6397 0.0277 0.0000
vt 0.6410 0.0280 0.0000
vt 0.6416 0.0282 0.0000
vt 0.2470 0.5823 0.0000
vt 0.7979 0.5827 0.0000
vt 0.1834 0.6018 0.0000
vt 0.1819 0.6018 0.0000
vt 0.2451 0.5834 0.0000
vt 0.2439 0.5841 0.0000
vt 0.2461 0.5828 0.0000
vt 0.3009 0.5859 0.0000
vt 0.3022 0.5866 0.0000
vt 0.3004 0.5868 0.0000
vt 0.3016 0.5875 0.0000
vt 0.5843 0.5771 0.0000
vt 0.5830 0.5774 0.0000
vt 0.5826 0.5760 0.0000
vt 0.5839 0.5757 0.0000
vt 0.5856 0.5767 0.0000
vt 0.5852 0.5753 0.0000
vt 0.5870 0.5763 0.0000
vt 0.5866 0.5749 0.0000
vt 0.7165 0.5750 0.0000
vt 0.7161 0.5762 0.0000
vt 0.7147 0.5757 0.0000
vt 0.7151 0.5745 0.0000
vt 0.7966 0.5830 0.0000
vt 0.5874 0.5777 0.0000
vt 0.5860 0.5781 0.0000
vt 0.5846 0.5784 0.0000
vt 0.5834 0.5787 0.0000
vt 0.2992 0.5861 0.0000
vt 0.2998 0.5852 0.0000
vt 0.4381 0.5851 0.0000
vt 0.4396 0.5855 0.0000
vt 0.5833 0.5735 0.0000
vt 0.5820 0.5739 0.0000
vt 0.5846 0.5732 0.0000
vt 0.5858 0.5728 0.0000
vt 0.5870 0.5725 0.0000
vt 0.7139 0.5742 0.0000
vt 0.5849 0.5742 0.0000
vt 0.5862 0.5738 0.0000
vt 0.5836 0.5745 0.0000
vt 0.5823 0.5749 0.0000
vt 0.4371 0.5857 0.0000
vt 0.4387 0.5861 0.0000
vt 0.4376 0.5867 0.0000
vt 0.7985 0.5837 0.0000
vt 0.7971 0.5842 0.0000
vt 0.7135 0.5753 0.0000
vt 0.7123 0.5749 0.0000
# 673 texture coords

g ????
usemtl wire_000000000
s 1
f 1/1/1 2/2/2 3/3/3 4/4/4 
f 4/4/4 3/3/3 5/5/5 6/6/6 
f 3/3/3 2/2/2 7/7/7 8/8/8 
f 3/3/3 8/8/8 9/9/9 5/5/5 
f 10/10/10 11/11/11 8/8/8 7/7/7 
f 8/8/8 11/11/11 12/12/12 9/9/9 
f 11/11/11 10/10/10 13/13/13 14/14/14 
f 11/11/11 14/14/14 15/15/15 12/12/12 
f 16/16/16 17/17/17 18/18/18 19/19/19 
f 16/16/16 19/19/19 20/20/20 15/21/15 
f 21/22/21 22/23/22 23/24/23 24/25/24 
f 21/22/21 24/25/24 25/26/25 26/27/26 
f 27/28/27 28/29/28 29/30/29 30/31/30 
f 27/28/27 30/31/30 31/32/31 25/33/25 
f 32/34/32 33/35/33 34/36/34 35/37/35 
f 29/30/29 33/35/33 32/34/32 30/31/30 
f 35/37/35 6/38/6 36/39/36 32/34/32 
f 32/34/32 36/39/36 31/32/31 30/31/30 
f 37/40/37 2/2/2 1/1/1 38/41/38 
f 39/42/39 37/40/37 38/41/38 40/43/40 
f 2/2/2 37/40/37 41/44/41 
f 41/44/41 37/40/37 39/42/39 42/45/42 
f 43/46/43 41/44/41 42/45/42 44/47/44 
f 41/44/41 43/46/43 7/7/7 2/2/2 
f 10/10/10 7/7/7 43/46/43 45/48/45 
f 46/49/46 45/48/45 43/46/43 44/47/44 
f 47/50/47 13/13/13 10/10/10 45/48/45 
f 47/50/47 45/48/45 46/49/46 48/51/48 
f 49/52/49 50/53/50 51/54/51 48/51/48 
f 50/53/50 49/52/49 52/55/52 53/56/53 
f 51/54/51 50/53/50 18/18/18 17/17/17 
f 50/53/50 53/56/53 19/19/19 18/18/18 
f 52/55/52 54/57/54 55/58/55 53/56/53 
f 19/19/19 53/56/53 56/59/56 20/20/20 
f 55/58/55 56/59/56 53/56/53 
f 57/60/57 58/61/58 59/62/59 60/63/60 
f 61/64/61 58/61/58 62/65/62 63/66/63 
f 57/60/57 62/65/62 58/61/58 
f 61/64/61 64/67/64 65/68/65 58/61/58 
f 58/61/58 65/68/65 56/69/56 59/62/59 
f 61/64/61 63/66/63 66/70/66 67/71/67 
f 64/67/64 61/64/61 67/71/67 68/72/68 
f 66/70/66 63/66/63 69/73/69 
f 70/74/70 69/73/69 63/66/63 62/65/62 
f 69/73/69 71/75/71 67/76/67 66/70/66 
f 72/77/72 71/75/71 69/73/69 70/74/70 
f 72/77/72 73/78/73 71/75/71 
f 71/75/71 73/78/73 74/79/74 75/80/75 
f 75/80/75 68/81/68 67/76/67 71/75/71 
f 76/82/76 77/83/77 78/84/78 79/85/79 
f 76/82/76 79/85/79 80/86/80 74/87/74 
f 81/88/81 82/89/82 80/86/80 79/85/79 
f 81/88/81 79/85/79 78/84/78 83/90/83 
f 84/91/84 85/92/85 82/89/82 81/88/81 
f 26/93/26 82/89/82 85/92/85 
f 84/91/84 81/88/81 86/94/86 87/95/87 
f 83/90/83 86/94/86 81/88/81 
f 85/92/85 84/91/84 87/95/87 
f 88/96/88 86/94/86 89/97/89 90/98/90 
f 22/23/22 88/96/88 90/98/90 
f 23/24/23 22/23/22 90/98/90 91/99/91 
f 92/100/92 91/99/91 90/98/90 89/97/89 
f 93/101/93 94/102/94 92/100/92 95/103/95 
f 94/102/94 93/101/93 29/30/29 28/29/28 
f 33/35/33 29/30/29 93/101/93 96/104/96 
f 97/105/97 96/104/96 93/101/93 95/103/95 
f 96/104/96 97/105/97 98/106/98 99/107/99 
f 96/104/96 99/107/99 34/36/34 33/35/33 
f 100/108/100 98/106/98 40/43/40 38/41/38 
f 1/1/1 100/108/100 38/41/38 
f 101/109/101 39/42/39 40/43/40 102/110/102 
f 42/45/42 39/42/39 101/109/101 103/111/103 
f 103/111/103 104/112/104 105/113/105 106/114/106 
f 46/49/46 44/47/44 106/114/106 107/115/107 
f 108/116/108 48/51/48 46/49/46 107/115/107 
f 108/116/108 109/117/109 110/118/110 111/119/111 
f 112/120/112 52/55/52 49/52/49 111/119/111 
f 52/55/52 112/120/112 113/121/113 54/57/54 
f 114/122/114 115/123/115 113/124/113 112/125/112 
f 116/126/116 114/122/114 117/127/117 118/128/118 
f 57/60/57 60/63/60 115/123/115 114/122/114 
f 114/122/114 116/126/116 62/65/62 57/60/57 
f 70/74/70 62/65/62 116/126/116 119/129/119 
f 120/130/120 119/129/119 116/126/116 118/128/118 
f 121/131/121 72/77/72 70/74/70 119/129/119 
f 122/132/122 121/131/121 119/129/119 120/130/120 
f 122/132/122 123/133/123 124/134/124 125/135/125 
f 83/90/83 78/84/78 124/134/124 126/136/126 
f 127/137/127 86/94/86 83/90/83 126/136/126 
f 128/138/128 129/139/129 130/140/130 127/137/127 
f 131/141/131 92/100/92 89/97/89 130/140/130 
f 132/142/132 133/143/133 134/144/134 131/141/131 
f 97/105/97 95/103/95 134/144/134 135/145/135 
f 135/145/135 136/146/136 137/147/137 138/148/138 
f 137/147/137 139/149/139 102/110/102 138/148/138 
f 140/150/140 139/149/139 141/151/141 142/152/142 
f 143/153/143 104/112/104 140/150/140 142/152/142 
f 144/154/144 105/113/105 104/112/104 143/153/143 
f 145/155/145 146/156/146 105/113/105 144/154/144 
f 147/157/147 109/117/109 146/156/146 145/155/145 
f 148/158/148 110/118/110 109/117/109 147/157/147 
f 149/159/149 110/118/110 148/158/148 150/160/150 
f 151/161/151 117/127/117 149/162/149 150/163/150 
f 152/164/152 120/130/120 118/128/118 153/165/153 
f 154/166/154 122/132/122 120/130/120 152/164/152 
f 154/166/154 155/167/155 123/133/123 122/132/122 
f 156/168/156 157/169/157 123/133/123 155/167/155 
f 158/170/158 128/138/128 157/169/157 156/168/156 
f 159/171/159 129/139/129 128/138/128 158/170/158 
f 160/172/160 132/142/132 129/139/129 159/171/159 
f 161/173/161 133/143/133 132/142/132 160/172/160 
f 162/174/162 136/146/136 133/143/133 161/173/161 
f 136/146/136 162/174/162 163/175/163 137/147/137 
f 139/149/139 137/147/137 163/175/163 141/151/141 
f 164/176/164 142/152/142 141/151/141 165/177/165 
f 166/178/166 143/153/143 142/152/142 164/176/164 
f 167/179/167 144/154/144 143/153/143 166/178/166 
f 168/180/168 145/155/145 144/154/144 167/179/167 
f 169/181/169 147/157/147 145/155/145 168/180/168 
f 170/182/170 148/158/148 147/157/147 169/181/169 
f 171/183/171 150/160/150 148/158/148 170/182/170 
f 172/184/172 151/161/151 150/163/150 171/185/171 
f 173/186/173 152/164/152 153/165/153 174/187/174 
f 175/188/175 154/166/154 152/164/152 173/186/173 
f 176/189/176 155/167/155 154/166/154 175/188/175 
f 177/190/177 156/168/156 155/167/155 176/189/176 
f 178/191/178 158/170/158 156/168/156 177/190/177 
f 179/192/179 159/171/159 158/170/158 178/191/178 
f 180/193/180 160/172/160 159/171/159 179/192/179 
f 181/194/181 161/173/161 160/172/160 180/193/180 
f 182/195/182 162/174/162 161/173/161 181/194/181 
f 162/174/162 182/195/182 183/196/183 163/175/163 
f 165/177/165 141/151/141 163/175/163 183/196/183 
f 164/176/164 165/177/165 184/197/184 185/198/185 
f 186/199/186 166/178/166 164/176/164 185/198/185 
f 187/200/187 167/179/167 166/178/166 186/199/186 
f 188/201/188 168/180/168 167/179/167 187/200/187 
f 189/202/189 169/181/169 168/180/168 188/201/188 
f 190/203/190 170/182/170 169/181/169 189/202/189 
f 171/183/171 170/182/170 190/203/190 191/204/191 
f 172/184/172 171/185/171 191/205/191 192/206/192 
f 193/207/193 173/186/173 174/187/174 194/208/194 
f 195/209/195 175/188/175 173/186/173 193/207/193 
f 196/210/196 176/189/176 175/188/175 195/209/195 
f 197/211/197 177/190/177 176/189/176 196/210/196 
f 198/212/198 178/191/178 177/190/177 197/211/197 
f 199/213/199 179/192/179 178/191/178 198/212/198 
f 200/214/200 180/193/180 179/192/179 199/213/199 
f 201/215/201 181/194/181 180/193/180 200/214/200 
f 202/216/202 182/195/182 181/194/181 201/215/201 
f 182/195/182 202/216/202 203/217/203 183/196/183 
f 184/197/184 165/177/165 183/196/183 203/217/203 
f 185/198/185 184/197/184 204/218/204 205/219/205 
f 206/220/206 186/199/186 185/198/185 205/219/205 
f 207/221/207 187/200/187 186/199/186 206/220/206 
f 208/222/208 188/201/188 187/200/187 207/221/207 
f 209/223/209 189/202/189 188/201/188 208/222/208 
f 210/224/210 190/203/190 189/202/189 209/223/209 
f 191/204/191 190/203/190 210/224/210 211/225/211 
f 192/206/192 191/205/191 211/226/211 212/227/212 
f 213/228/213 193/207/193 194/208/194 214/229/214 
f 215/230/215 195/209/195 193/207/193 213/228/213 
f 216/231/216 196/210/196 195/209/195 215/230/215 
f 217/232/217 197/211/197 196/210/196 216/231/216 
f 218/233/218 198/212/198 197/211/197 217/232/217 
f 219/234/219 199/213/199 198/212/198 218/233/218 
f 220/235/220 200/214/200 199/213/199 219/234/219 
f 221/236/221 201/215/201 200/214/200 220/235/220 
f 222/237/222 202/216/202 201/215/201 221/236/221 
f 202/216/202 222/237/222 223/238/223 203/217/203 
f 204/218/204 184/197/184 203/217/203 223/238/223 
f 205/219/205 204/218/204 224/239/224 225/240/225 
f 226/241/226 206/220/206 205/219/205 225/240/225 
f 227/242/227 207/221/207 206/220/206 226/241/226 
f 228/243/228 208/222/208 207/221/207 227/242/227 
f 229/244/229 209/223/209 208/222/208 228/243/228 
f 230/245/230 210/224/210 209/223/209 229/244/229 
f 211/225/211 210/224/210 230/245/230 231/246/231 
f 212/227/212 211/226/211 231/247/231 232/248/232 
f 233/249/233 213/228/213 214/229/214 234/250/234 
f 235/251/235 215/230/215 213/228/213 233/249/233 
f 236/252/236 216/231/216 215/230/215 235/251/235 
f 237/253/237 217/232/217 216/231/216 236/252/236 
f 238/254/238 218/233/218 217/232/217 237/253/237 
f 239/255/239 219/234/219 218/233/218 238/254/238 
f 240/256/240 220/235/220 219/234/219 239/255/239 
f 241/257/241 221/236/221 220/235/220 240/256/240 
f 242/258/242 222/237/222 221/236/221 241/257/241 
f 222/237/222 242/258/242 243/259/243 223/238/223 
f 224/239/224 204/218/204 223/238/223 243/259/243 
f 244/260/244 245/261/245 246/262/246 247/263/247 
f 244/260/244 247/263/247 225/240/225 224/239/224 
f 248/264/248 247/263/247 246/262/246 249/265/249 
f 250/266/250 247/263/247 248/264/248 251/267/251 
f 252/268/252 253/269/253 250/266/250 251/267/251 
f 252/268/252 254/270/254 255/271/255 253/269/253 
f 256/272/256 228/243/228 227/242/227 253/269/253 
f 257/273/257 256/272/256 253/269/253 255/271/255 
f 258/274/258 229/244/229 228/243/228 256/272/256 
f 258/274/258 256/272/256 257/273/257 259/275/259 
f 260/276/260 230/245/230 229/244/229 258/274/258 
f 261/277/261 260/276/260 258/274/258 259/275/259 
f 262/278/262 263/279/263 264/280/264 265/281/265 
f 262/278/262 265/281/265 231/246/231 230/245/230 
f 232/248/232 231/247/231 265/282/265 266/283/266 
f 266/283/266 265/282/265 264/284/264 267/285/267 
f 268/286/268 233/249/233 234/250/234 269/287/269 
f 268/286/268 269/287/269 270/288/270 271/289/271 
f 272/290/272 273/291/273 274/292/274 275/293/275 
f 272/290/272 275/293/275 235/251/235 233/249/233 
f 236/252/236 235/251/235 275/293/275 276/294/276 
f 276/294/276 275/293/275 274/292/274 277/295/277 
f 278/296/278 237/253/237 236/252/236 276/294/276 
f 279/297/279 278/296/278 276/294/276 277/295/277 
f 280/298/280 281/299/281 282/300/282 283/301/283 
f 280/298/280 283/301/283 238/254/238 237/253/237 
f 239/255/239 238/254/238 283/301/283 284/302/284 
f 284/302/284 283/301/283 282/300/282 285/303/285 
f 240/256/240 239/255/239 284/302/284 286/304/286 
f 286/304/286 284/302/284 285/303/285 287/305/287 
f 288/306/288 241/257/241 240/256/240 286/304/286 
f 289/307/289 288/306/288 286/304/286 287/305/287 
f 290/308/290 291/309/291 292/310/292 293/311/293 
f 242/258/242 241/257/241 290/308/290 293/311/293 
f 294/312/294 224/239/224 243/259/243 295/313/295 
f 296/314/296 294/312/294 295/313/295 297/315/297 
f 298/316/298 299/317/299 246/262/246 245/261/245 
f 299/317/299 298/316/298 300/318/300 301/319/301 
f 299/317/299 302/320/302 249/265/249 246/262/246 
f 299/317/299 301/319/301 303/321/303 302/320/302 
f 304/322/304 305/323/305 255/271/255 254/270/254 
f 305/323/305 304/322/304 303/324/303 306/325/306 
f 305/323/305 307/326/307 257/273/257 255/271/255 
f 305/323/305 306/325/306 308/327/308 307/326/307 
f 307/326/307 309/328/309 259/275/259 257/273/257 
f 307/326/307 308/327/308 310/329/310 309/328/309 
f 309/328/309 311/330/311 261/277/261 259/275/259 
f 311/330/311 309/328/309 310/329/310 312/331/312 
f 313/332/313 264/280/264 263/279/263 314/333/314 
f 313/332/313 314/333/314 312/334/312 315/335/315 
f 267/285/267 264/284/264 313/336/313 316/337/316 
f 313/336/313 315/338/315 317/339/317 316/337/316 
f 318/340/318 270/288/270 267/285/267 316/337/316 
f 318/340/318 319/341/319 271/289/271 270/288/270 
f 319/341/319 318/340/318 320/342/320 321/343/321 
f 322/344/322 323/345/323 274/292/274 273/291/273 
f 322/344/322 321/346/321 324/347/324 323/345/323 
f 323/345/323 325/348/325 277/295/277 274/292/274 
f 325/348/325 323/345/323 324/347/324 326/349/326 
f 325/348/325 327/350/327 279/297/279 277/295/277 
f 327/350/327 325/348/325 326/349/326 328/351/328 
f 329/352/329 330/353/330 282/300/282 281/299/281 
f 329/352/329 328/354/328 331/355/331 330/353/330 
f 330/353/330 332/356/332 285/303/285 282/300/282 
f 332/356/332 330/353/330 331/355/331 333/357/333 
f 332/356/332 334/358/334 287/305/287 285/303/285 
f 334/358/334 332/356/332 333/357/333 335/359/335 
f 334/358/334 336/360/336 289/307/289 287/305/287 
f 336/360/336 334/358/334 335/359/335 337/361/337 
f 338/362/338 339/363/339 337/364/337 340/365/340 
f 341/366/341 297/315/297 292/310/292 338/362/338 
f 341/366/341 342/367/342 296/314/296 297/315/297 
f 342/367/342 341/366/341 343/368/343 300/369/300 
f 35/37/35 34/36/34 344/370/344 345/371/345 
f 346/372/346 345/371/345 344/370/344 347/373/347 
f 346/372/346 6/38/6 35/37/35 345/371/345 
f 4/4/4 6/6/6 346/374/346 348/375/348 
f 349/376/349 348/375/348 346/374/346 347/377/347 
f 348/375/348 349/376/349 1/1/1 4/4/4 
f 47/50/47 48/51/48 350/378/350 351/379/351 
f 351/379/351 350/378/350 15/15/15 14/14/14 
f 351/379/351 14/14/14 13/13/13 47/50/47 
f 16/16/16 352/380/352 51/54/51 17/17/17 
f 352/380/352 16/16/16 15/21/15 350/381/350 
f 350/381/350 48/51/48 51/54/51 352/380/352 
f 353/382/353 73/78/73 72/77/72 354/383/354 
f 353/382/353 354/383/354 355/384/355 356/385/356 
f 353/382/353 356/385/356 74/79/74 73/78/73 
f 76/82/76 74/87/74 356/386/356 357/387/357 
f 357/387/357 356/386/356 355/388/355 358/389/358 
f 357/387/357 358/389/358 77/83/77 76/82/76 
f 87/95/87 86/94/86 359/390/359 360/391/360 
f 26/93/26 85/92/85 360/391/360 359/390/359 
f 87/95/87 360/391/360 85/92/85 
f 361/392/361 88/96/88 22/23/22 21/22/21 
f 26/27/26 359/393/359 361/392/361 21/22/21 
f 359/393/359 86/94/86 88/96/88 361/392/361 
f 91/99/91 92/100/92 362/394/362 363/395/363 
f 363/395/363 362/394/362 25/26/25 24/25/24 
f 363/395/363 24/25/24 23/24/23 91/99/91 
f 27/28/27 364/396/364 94/102/94 28/29/28 
f 25/33/25 362/397/362 364/396/364 27/28/27 
f 362/397/362 92/100/92 94/102/94 364/396/364 
f 99/107/99 98/106/98 365/398/365 366/399/366 
f 366/399/366 365/398/365 347/373/347 344/370/344 
f 366/399/366 344/370/344 34/36/34 99/107/99 
f 367/400/367 100/108/100 1/1/1 349/376/349 
f 367/400/367 349/376/349 347/377/347 365/401/365 
f 365/401/365 98/106/98 100/108/100 367/400/367 
f 121/131/121 122/132/122 368/402/368 369/403/369 
f 369/403/369 368/402/368 355/384/355 354/383/354 
f 369/403/369 354/383/354 72/77/72 121/131/121 
f 368/404/368 122/132/122 125/135/125 370/405/370 
f 370/405/370 358/389/358 355/388/355 368/404/368 
f 113/121/113 371/406/371 55/58/55 54/57/54 
f 56/59/56 55/58/55 371/406/371 
f 59/62/59 56/69/56 371/407/371 372/408/372 
f 115/123/115 372/408/372 371/407/371 113/124/113 
f 372/408/372 115/123/115 60/63/60 59/62/59 
f 244/260/244 224/239/224 373/409/373 374/410/374 
f 374/410/374 373/409/373 375/411/375 376/412/376 
f 376/412/376 245/261/245 244/260/244 374/410/374 
f 377/413/377 260/276/260 261/277/261 378/414/378 
f 377/413/377 378/414/378 379/415/379 380/416/380 
f 377/413/377 380/416/380 230/245/230 260/276/260 
f 262/278/262 230/245/230 380/417/380 381/418/381 
f 381/418/381 380/417/380 379/419/379 382/420/382 
f 382/420/382 263/279/263 262/278/262 381/418/381 
f 383/421/383 268/286/268 271/289/271 384/422/384 
f 383/421/383 384/422/384 385/423/385 386/424/386 
f 386/424/386 233/249/233 268/286/268 383/421/383 
f 272/290/272 233/249/233 386/425/386 387/426/387 
f 387/426/387 386/425/386 385/427/385 388/428/388 
f 388/428/388 273/291/273 272/290/272 387/426/387 
f 389/429/389 278/296/278 279/297/279 390/430/390 
f 389/429/389 390/430/390 391/431/391 392/432/392 
f 392/432/392 237/253/237 278/296/278 389/429/389 
f 280/298/280 237/253/237 392/433/392 393/434/393 
f 393/434/393 392/433/392 391/435/391 394/436/394 
f 394/436/394 281/299/281 280/298/280 393/434/393 
f 395/437/395 288/306/288 289/307/289 396/438/396 
f 395/437/395 396/438/396 397/439/397 398/440/398 
f 398/440/398 241/257/241 288/306/288 395/437/395 
f 290/308/290 241/257/241 398/441/398 399/442/399 
f 399/442/399 398/441/398 397/443/397 400/444/400 
f 400/444/400 291/309/291 290/308/290 399/442/399 
f 401/445/401 294/312/294 296/314/296 402/446/402 
f 401/445/401 402/446/402 375/447/375 373/448/373 
f 401/445/401 373/448/373 224/239/224 294/312/294 
f 298/316/298 245/261/245 376/412/376 403/449/403 
f 404/450/404 403/449/403 376/412/376 375/411/375 
f 404/450/404 300/318/300 298/316/298 403/449/403 
f 302/320/302 303/321/303 405/451/405 406/452/406 
f 251/267/251 248/264/248 406/452/406 405/451/405 
f 406/452/406 248/264/248 249/265/249 302/320/302 
f 407/453/407 304/322/304 254/270/254 252/268/252 
f 405/454/405 407/453/407 252/268/252 251/267/251 
f 405/454/405 303/324/303 304/322/304 407/453/407 
f 311/330/311 312/331/312 408/455/408 409/456/409 
f 409/456/409 408/455/408 379/415/379 378/414/378 
f 378/414/378 261/277/261 311/330/311 409/456/409 
f 314/333/314 263/279/263 382/420/382 410/457/410 
f 410/457/410 382/420/382 379/419/379 408/458/408 
f 408/458/408 312/334/312 314/333/314 410/457/410 
f 411/459/411 319/341/319 321/343/321 412/460/412 
f 411/459/411 412/460/412 385/423/385 384/422/384 
f 384/422/384 271/289/271 319/341/319 411/459/411 
f 322/344/322 273/291/273 388/428/388 413/461/413 
f 412/462/412 413/461/413 388/428/388 385/427/385 
f 412/462/412 321/346/321 322/344/322 413/461/413 
f 414/463/414 327/350/327 328/351/328 415/464/415 
f 414/463/414 415/464/415 391/431/391 390/430/390 
f 390/430/390 279/297/279 327/350/327 414/463/414 
f 329/352/329 281/299/281 394/436/394 416/465/416 
f 415/466/415 416/465/416 394/436/394 391/435/391 
f 415/466/415 328/354/328 329/352/329 416/465/416 
f 417/467/417 336/360/336 337/361/337 418/468/418 
f 417/467/417 418/468/418 397/439/397 396/438/396 
f 396/438/396 289/307/289 336/360/336 417/467/417 
f 339/363/339 291/309/291 400/444/400 419/469/419 
f 418/470/418 419/469/419 400/444/400 397/443/397 
f 418/470/418 337/364/337 339/363/339 419/469/419 
f 342/367/342 300/369/300 404/471/404 420/472/420 
f 420/472/420 404/471/404 375/447/375 402/446/402 
f 402/446/402 296/314/296 342/367/342 420/472/420 
f 9/9/9 421/473/421 422/474/422 5/5/5 
f 423/475/423 422/474/422 421/473/421 424/476/424 
f 425/477/425 426/478/426 423/475/423 424/476/424 
f 12/12/12 427/479/427 421/473/421 9/9/9 
f 421/473/421 427/479/427 428/480/428 424/476/424 
f 428/480/428 429/481/429 425/477/425 424/476/424 
f 15/15/15 430/482/430 427/479/427 12/12/12 
f 427/479/427 430/482/430 431/483/431 428/480/428 
f 431/483/431 432/484/432 429/481/429 428/480/428 
f 20/20/20 433/485/433 430/486/430 15/21/15 
f 430/486/430 433/485/433 434/487/434 431/488/431 
f 434/487/434 435/489/435 432/490/432 431/488/431 
f 56/59/56 436/491/436 433/485/433 20/20/20 
f 433/485/433 436/491/436 437/492/437 434/487/434 
f 437/492/437 438/493/438 435/489/435 434/487/434 
f 439/494/439 436/495/436 56/69/56 65/68/65 
f 437/496/437 436/495/436 439/494/439 440/497/440 
f 64/67/64 441/498/441 439/494/439 65/68/65 
f 439/494/439 441/498/441 442/499/442 440/497/440 
f 443/500/443 444/501/444 440/497/440 442/499/442 
f 440/497/440 444/501/444 438/502/438 437/496/437 
f 445/503/445 441/498/441 64/67/64 68/72/68 
f 442/499/442 441/498/441 445/503/445 446/504/446 
f 447/505/447 443/500/443 442/499/442 446/504/446 
f 448/506/448 445/507/445 68/81/68 75/80/75 
f 446/508/446 445/507/445 448/506/448 449/509/449 
f 450/510/450 448/506/448 75/80/75 74/79/74 
f 449/509/449 448/506/448 450/510/450 451/511/451 
f 452/512/452 453/513/453 449/509/449 451/511/451 
f 449/509/449 453/513/453 447/514/447 446/508/446 
f 80/86/80 454/515/454 450/516/450 74/87/74 
f 450/516/450 454/515/454 455/517/455 451/518/451 
f 455/517/455 456/519/456 452/520/452 451/518/451 
f 82/89/82 457/521/457 454/515/454 80/86/80 
f 454/515/454 457/521/457 458/522/458 455/517/455 
f 458/522/458 459/523/459 456/519/456 455/517/455 
f 460/524/460 457/521/457 82/89/82 26/93/26 
f 457/521/457 460/524/460 461/525/461 458/522/458 
f 461/525/461 462/526/462 459/523/459 458/522/458 
f 463/527/463 460/528/460 26/27/26 25/26/25 
f 460/528/460 463/527/463 464/529/464 461/530/461 
f 464/529/464 465/531/465 462/532/462 461/530/461 
f 31/32/31 466/533/466 463/534/463 25/33/25 
f 463/534/463 466/533/466 467/535/467 464/536/464 
f 467/535/467 468/537/468 465/538/465 464/536/464 
f 469/539/469 466/533/466 31/32/31 36/39/36 
f 467/535/467 466/533/466 469/539/469 470/540/470 
f 471/541/471 469/539/469 36/39/36 6/38/6 
f 470/540/470 469/539/469 471/541/471 472/542/472 
f 472/542/472 473/543/473 474/544/474 470/540/470 
f 470/540/470 474/544/474 468/537/468 467/535/467 
f 422/474/422 471/545/471 6/6/6 5/5/5 
f 472/546/472 471/545/471 422/474/422 423/475/423 
f 426/478/426 473/547/473 472/546/472 423/475/423 
f 343/368/343 475/548/475 476/549/476 300/369/300 
f 477/550/477 476/549/476 475/548/475 478/551/478 
f 340/365/340 479/552/479 475/548/475 343/368/343 
f 475/548/475 479/552/479 480/553/480 478/551/478 
f 480/553/480 479/552/479 481/554/481 482/555/482 
f 483/556/483 481/557/481 337/361/337 335/359/335 
f 481/557/481 483/556/483 484/558/484 482/559/482 
f 485/560/485 483/556/483 335/359/335 333/357/333 
f 483/556/483 485/560/485 486/561/486 484/558/484 
f 487/562/487 485/560/485 333/357/333 331/355/331 
f 485/560/485 487/562/487 488/563/488 486/561/486 
f 328/354/328 489/564/489 487/562/487 331/355/331 
f 489/565/489 490/566/490 491/567/491 492/568/492 
f 493/569/493 490/566/490 326/349/326 324/347/324 
f 490/566/490 493/569/493 494/570/494 491/567/491 
f 495/571/495 493/569/493 324/347/324 321/346/321 
f 493/569/493 495/571/495 496/572/496 494/570/494 
f 497/573/497 495/574/495 321/343/321 320/342/320 
f 495/574/495 497/573/497 498/575/498 496/576/496 
f 317/339/317 499/577/499 497/573/497 320/342/320 
f 497/573/497 499/577/499 500/578/500 498/575/498 
f 500/578/500 499/577/499 501/579/501 502/580/502 
f 503/581/503 501/582/501 315/335/315 312/334/312 
f 501/582/501 503/581/503 504/583/504 502/584/502 
f 505/585/505 503/586/503 312/331/312 310/329/310 
f 503/586/503 505/585/505 506/587/506 504/588/504 
f 507/589/507 505/585/505 310/329/310 308/327/308 
f 505/585/505 507/589/507 508/590/508 506/587/506 
f 509/591/509 507/589/507 308/327/308 306/325/306 
f 507/589/507 509/591/509 510/592/510 508/590/508 
f 511/593/511 509/591/509 306/325/306 303/324/303 
f 509/591/509 511/593/511 512/594/512 510/592/510 
f 513/595/513 511/596/511 303/321/303 301/319/301 
f 512/597/512 511/596/511 513/595/513 514/598/514 
f 476/599/476 513/595/513 301/319/301 300/318/300 
f 513/595/513 476/599/476 477/600/477 514/598/514 
f 293/311/293 292/310/292 297/315/297 295/313/295 
f 242/258/242 293/311/293 295/313/295 243/259/243 
f 339/363/339 338/362/338 292/310/292 291/309/291 
f 338/362/338 340/365/340 343/368/343 341/366/341 
f 481/554/481 479/552/479 340/365/340 337/364/337 
f 426/478/426 425/477/425 515/601/515 473/547/473 
f 516/602/516 515/601/515 425/477/425 429/481/429 
f 517/603/517 516/602/516 429/481/429 432/484/432 
f 518/604/518 517/605/517 432/490/432 435/489/435 
f 519/606/519 518/604/518 435/489/435 438/493/438 
f 443/500/443 519/607/519 438/502/438 444/501/444 
f 453/608/453 452/520/452 520/609/520 447/610/447 
f 456/519/456 521/611/521 520/609/520 452/520/452 
f 459/523/459 522/612/522 521/611/521 456/519/456 
f 462/526/462 523/613/523 522/612/522 459/523/459 
f 465/531/465 524/614/524 523/615/523 462/532/462 
f 468/537/468 474/544/474 524/616/524 465/538/465 
f 524/616/524 474/544/474 473/543/473 515/617/515 
f 523/615/523 524/614/524 515/618/515 516/619/516 
f 517/620/517 522/612/522 523/613/523 516/621/516 
f 518/622/518 521/611/521 522/612/522 517/620/517 
f 519/623/519 520/609/520 521/611/521 518/622/518 
f 520/609/520 519/623/519 443/624/443 447/610/447 
f 525/625/525 510/592/510 512/594/512 
f 498/575/498 500/578/500 526/626/526 
f 504/583/504 527/627/527 528/628/528 502/584/502 
f 506/587/506 529/629/529 527/630/527 504/588/504 
f 508/590/508 530/631/530 529/629/529 506/587/506 
f 510/592/510 525/625/525 530/631/530 508/590/508 
f 531/632/531 514/598/514 477/600/477 532/633/532 
f 533/634/533 531/632/531 532/633/532 534/635/534 
f 535/636/535 533/637/533 534/638/534 536/639/536 
f 537/640/537 535/636/535 536/639/536 538/641/538 
f 539/642/539 537/640/537 538/641/538 540/643/540 
f 541/644/541 539/645/539 540/646/540 542/647/542 
f 541/648/541 496/576/496 498/575/498 526/626/526 
f 537/640/537 539/642/539 528/649/528 527/650/527 
f 535/636/535 537/640/537 527/650/527 529/651/529 
f 533/637/533 535/636/535 529/651/529 530/652/530 
f 531/632/531 533/634/533 530/653/530 525/654/525 
f 512/597/512 514/598/514 531/632/531 525/654/525 
f 478/551/478 480/553/480 543/655/543 
f 480/553/480 482/555/482 544/656/544 
f 545/657/545 544/658/544 482/559/482 484/558/484 
f 546/659/546 545/657/545 484/558/484 486/561/486 
f 488/563/488 547/660/547 546/659/546 486/561/486 
f 547/660/547 488/563/488 492/661/492 
f 542/647/542 548/662/548 491/567/491 494/570/494 
f 538/641/538 549/663/549 550/664/550 540/643/540 
f 536/639/536 551/665/551 549/663/549 538/641/538 
f 534/638/534 552/666/552 551/665/551 536/639/536 
f 532/667/532 543/655/543 552/668/552 534/669/534 
f 478/551/478 543/655/543 532/667/532 477/550/477 
f 118/128/118 117/127/117 151/161/151 153/165/153 
f 153/165/153 151/161/151 172/184/172 174/187/174 
f 172/184/172 192/206/192 194/208/194 174/187/174 
f 192/206/192 212/227/212 214/229/214 194/208/194 
f 212/227/212 232/248/232 234/250/234 214/229/214 
f 232/248/232 266/283/266 269/287/269 234/250/234 
f 266/283/266 267/285/267 270/288/270 269/287/269 
f 316/337/316 317/339/317 320/342/320 318/340/318 
f 499/577/499 317/339/317 315/338/315 501/579/501 
f 528/670/528 526/626/526 500/578/500 502/580/502 
f 496/572/496 541/644/541 542/647/542 494/570/494 
f 539/671/539 541/648/541 526/626/526 528/670/528 
f 548/662/548 542/647/542 540/646/540 550/672/550 
f 149/162/149 117/127/117 114/122/114 112/125/112 
f 140/150/140 101/109/101 102/110/102 139/149/139 
f 103/111/103 101/109/101 140/150/140 104/112/104 
f 42/45/42 103/111/103 106/114/106 44/47/44 
f 107/115/107 106/114/106 105/113/105 146/156/146 
f 109/117/109 108/116/108 107/115/107 146/156/146 
f 108/116/108 111/119/111 49/52/49 48/51/48 
f 77/83/77 125/135/125 124/134/124 78/84/78 
f 126/136/126 124/134/124 123/133/123 157/169/157 
f 128/138/128 127/137/127 126/136/126 157/169/157 
f 127/137/127 130/140/130 89/97/89 86/94/86 
f 132/142/132 131/141/131 130/140/130 129/139/129 
f 131/141/131 134/144/134 95/103/95 92/100/92 
f 135/145/135 134/144/134 133/143/133 136/146/136 
f 97/105/97 135/145/135 138/148/138 98/106/98 
f 138/148/138 102/110/102 40/43/40 98/106/98 
f 370/405/370 125/135/125 77/83/77 358/389/358 
f 112/120/112 111/119/111 110/118/110 149/159/149 
f 250/266/250 253/269/253 227/242/227 226/241/226 
f 247/263/247 250/266/250 226/241/226 225/240/225 
f 487/562/487 489/564/489 492/661/492 488/563/488 
f 490/566/490 489/565/489 328/351/328 326/349/326 
f 492/568/492 491/567/491 548/662/548 
f 546/659/546 547/660/547 550/664/550 549/663/549 
f 545/657/545 546/659/546 549/663/549 551/665/551 
f 544/658/544 545/657/545 551/665/551 552/666/552 
f 480/553/480 544/656/544 552/668/552 543/655/543 
f 550/672/550 547/673/547 492/568/492 548/662/548 
# 541 polygons - 18 triangles

#
# object ?????
#

v  15.7312 15.1671 0.2499
v  15.7728 15.6790 -0.2999
v  15.2514 15.4408 0.1964
v  15.5327 15.2140 0.3842
v  16.8437 15.2074 0.8308
v  16.6668 15.2651 0.4117
v  16.3524 14.9717 0.8826
v  16.6811 15.0407 1.0453
v  16.9361 15.2121 1.1288
v  16.9147 15.2137 1.1680
v  16.2941 15.5461 -0.4965
v  16.1784 15.1674 -0.0582
v  16.5283 15.2663 -0.2993
v  17.0065 15.4874 -0.6934
v  17.0526 15.4661 -0.6568
v  14.8667 15.8656 0.4137
v  15.1103 15.7085 0.9433
v  15.0226 15.6713 -0.0401
v  14.7455 16.1115 -0.1831
v  14.7725 16.1106 -0.2292
v  15.4635 15.5591 1.6241
v  16.1275 15.3018 1.3472
v  15.4628 15.2127 1.1975
v  15.1780 15.4946 1.5395
v  15.1321 15.8629 1.7869
v  15.0876 15.8834 1.7721
v  15.8612 15.0363 0.8282
v  15.6292 15.1108 0.8235
v  16.8783 15.3056 -0.0391
v  17.0986 15.4448 -0.6201
v  15.0441 15.7762 1.4487
v  15.0431 15.9039 1.7572
v  15.5180 15.1740 0.6605
v  16.5888 15.2279 1.2900
v  16.8934 15.2153 1.2071
v  15.3221 15.8434 -0.4259
v  14.7996 16.1098 -0.2754
v  16.0583 15.0261 0.4709
v  16.0367 15.0003 0.6999
v  16.0750 15.9293 0.4548
v  15.9720 15.8849 0.2905
v  15.8208 16.0724 0.4948
v  16.0601 15.9575 0.6456
v  15.9432 15.0919 0.2732
v  15.8419 15.3578 0.3690
v  15.9857 15.3068 0.3848
v  15.7072 15.3896 0.4601
v  15.6973 15.3625 0.6475
v  15.7727 15.3196 0.7581
v  15.9301 15.2691 0.7613
v  16.0491 15.2446 0.6743
v  16.0638 15.2622 0.5189
v  15.8575 15.6237 0.3657
v  16.0081 15.6010 0.3843
v  15.7193 15.6409 0.4554
v  15.7142 15.6332 0.6448
v  15.7959 15.6167 0.7579
v  15.9598 15.5955 0.7636
v  16.0814 15.5832 0.6775
v  16.0928 15.5859 0.5209
v  15.7869 15.8520 0.2709
v  15.6166 15.8420 0.3830
v  15.6104 15.8742 0.6143
v  15.7107 15.9107 0.7507
v  15.9112 15.9471 0.7536
v  16.1272 15.2784 1.3428
v  16.5988 15.1993 1.2925
v  16.8534 15.1797 0.8329
v  16.6666 15.2417 0.4072
v  16.9077 15.1857 1.2122
v  16.9504 15.1825 1.1339
v  16.9290 15.1841 1.1731
v  16.2933 15.5212 -0.5009
v  15.7722 15.6557 -0.3046
v  16.8775 15.2809 -0.0436
v  17.0060 15.4641 -0.6981
v  17.0980 15.4215 -0.6248
v  17.0520 15.4428 -0.6615
v  14.8639 15.8441 0.4073
v  15.1097 15.6850 0.9387
v  15.3186 15.8221 -0.4327
v  14.7265 16.1032 -0.2012
v  14.7806 16.1015 -0.2935
v  14.7536 16.1024 -0.2474
v  15.0362 15.7567 1.4642
v  15.4583 15.5380 1.6320
v  15.0322 15.8910 1.7823
v  15.1212 15.8500 1.8119
v  15.0767 15.8705 1.7971
v  16.3490 15.0391 1.1685
v  16.0301 15.1418 1.1968
v  16.5891 15.0204 0.7466
v  16.4667 15.1077 0.4396
v  16.6701 15.0040 1.1085
v  16.7040 15.0022 1.0468
v  16.6776 15.0030 1.0735
v  16.0932 15.3137 -0.2756
v  15.7383 15.4379 -0.1366
v  16.6191 15.0767 0.1418
v  16.7172 15.2109 -0.4581
v  16.7973 15.1660 -0.3946
v  16.7546 15.1818 -0.4123
v  15.0161 15.5571 0.4965
v  15.2036 15.4646 0.8702
v  15.4110 15.5351 -0.2500
v  14.7981 15.7221 -0.0891
v  14.8456 15.7210 -0.1698
v  14.8265 15.7139 -0.1208
v  15.1059 15.4359 1.2623
v  15.5286 15.2656 1.4229
v  15.0511 15.5131 1.5993
v  15.1338 15.4909 1.6219
v  15.0890 15.4952 1.5965
v  15.9683 14.9779 0.3179
v  16.1646 14.9930 0.1452
v  16.3260 15.0064 0.2596
v  16.2179 15.0061 0.4938
v  16.0615 14.8783 0.7515
v  16.3119 14.9408 0.7249
v  16.2334 14.8615 0.8516
v  15.3799 15.2373 0.2789
v  15.5070 15.3162 0.0499
v  15.7472 15.2241 0.1190
v  15.5586 15.0945 0.4577
v  15.6518 14.9949 0.8913
v  15.9336 15.0250 0.9860
v  15.5725 15.1203 1.1567
v  15.4505 15.0816 1.1188
v  15.2704 15.3265 0.4938
v  15.3985 15.2393 0.7733
v  16.0207 15.1477 0.0166
v  16.1733 14.9501 0.9644
v  15.3461 15.2110 1.0667
v  15.1601 15.4162 0.1599
v  15.1734 15.4156 0.1350
v  15.1866 15.4150 0.1102
v  15.3481 15.1809 1.2610
v  15.3242 15.1906 1.2519
v  15.3004 15.2003 1.2428
v  16.3601 14.9058 0.8888
v  16.3484 14.9065 0.9092
v  16.3367 14.9074 0.9295
v  16.3844 15.0391 -0.0746
v  16.4087 15.0278 -0.0553
v  16.4329 15.0166 -0.0360
v  15.7188 14.6445 0.4041
v  15.5866 14.4568 0.5538
v  15.5125 14.7032 0.4745
v  15.6075 14.7684 0.3040
v  15.7657 14.5944 0.6223
v  15.8444 14.6587 0.4926
v  15.5595 14.6531 0.6927
v  15.7013 14.6682 0.7404
v  15.4320 14.7761 0.6333
# 154 vertices

vn 0.2691 0.9618 -0.0496
vn 0.2340 0.7441 -0.6257
vn 0.5540 0.7861 0.2741
vn 0.1132 0.9930 0.0338
vn 0.4205 0.6381 0.6450
vn 0.3948 0.9172 -0.0540
vn 0.4085 0.8968 0.1700
vn -0.0938 0.9896 -0.1087
vn -0.2661 0.9483 -0.1730
vn 0.4285 0.9034 -0.0151
vn 0.2421 0.9658 0.0925
vn 0.0269 0.9399 -0.3405
vn 0.1130 0.8924 0.4368
vn 0.0252 0.9000 0.4352
vn 0.2275 0.8371 -0.4975
vn 0.5396 0.8170 -0.2034
vn -0.3117 0.8684 0.3856
vn -0.1647 0.9707 0.1751
vn 0.5860 0.7330 0.3454
vn 0.0009 0.9508 0.3099
vn 0.2820 0.9480 0.1474
vn 0.5385 0.8309 0.1401
vn 0.3506 0.8104 0.4694
vn 0.4236 0.8595 -0.2860
vn 0.5766 0.6984 -0.4240
vn 0.5834 0.8121 0.0075
vn 0.4893 0.8716 0.0317
vn 0.3209 0.8979 0.3013
vn 0.1757 0.9187 0.3539
vn 0.6133 0.6908 0.3830
vn 0.7920 0.6103 -0.0176
vn -0.1253 0.9334 -0.3363
vn -0.2432 0.9684 -0.0555
vn 0.1710 0.9616 0.2147
vn 0.1834 0.8929 0.4113
vn 0.2367 0.8941 0.3803
vn 0.2979 0.8457 -0.4427
vn 0.3035 0.9511 -0.0579
vn 0.5030 0.8615 0.0694
vn 0.5203 0.8065 0.2807
vn 0.8323 0.4670 -0.2986
vn 0.4319 0.2998 -0.8506
vn -0.1431 0.9795 -0.1419
vn 0.7361 0.5565 0.3852
vn 0.4484 0.8847 -0.1277
vn -0.1159 0.2874 -0.9508
vn 0.6212 0.1149 -0.7752
vn -0.7806 0.4240 -0.4591
vn -0.8482 0.3939 0.3540
vn -0.3290 0.2599 0.9079
vn 0.3467 0.0657 0.9357
vn 0.8757 -0.0367 0.4815
vn 0.9791 -0.0299 -0.2013
vn -0.2140 -0.2363 -0.9478
vn 0.5715 -0.1190 -0.8119
vn -0.8524 -0.2801 -0.4416
vn -0.9387 -0.1413 0.3144
vn -0.4298 -0.0235 0.9026
vn 0.3090 0.0206 0.9508
vn 0.8714 0.0004 0.4905
vn 0.9751 -0.0384 -0.2182
vn -0.2703 0.1431 -0.9521
vn -0.8698 0.0783 -0.4872
vn -0.9492 0.2025 0.2410
vn -0.5109 0.3836 0.7693
vn 0.1906 0.5333 0.8242
vn 0.0904 -0.4731 0.8764
vn 0.1603 -0.2746 0.9481
vn 0.8864 -0.3027 -0.3501
vn 0.8715 -0.4899 0.0223
vn 0.6468 -0.2137 0.7321
vn 0.9673 -0.2198 0.1263
vn 0.8452 -0.2449 0.4751
vn -0.3282 -0.1907 -0.9252
vn -0.1258 -0.2199 -0.9674
vn 0.8526 -0.4493 0.2667
vn 0.1809 -0.2264 -0.9571
vn 0.8203 -0.4280 -0.3795
vn 0.4684 -0.3651 -0.8046
vn -0.9437 -0.1693 0.2841
vn -0.9753 -0.2023 0.0889
vn -0.0391 -0.1398 -0.9894
vn -0.8850 0.4344 -0.1676
vn -0.4847 0.4337 -0.7596
vn -0.7635 0.4603 -0.4530
vn -0.9920 0.0740 -0.1021
vn 0.2942 -0.2480 0.9230
vn -0.6471 0.4320 0.6281
vn 0.1097 0.1911 0.9754
vn -0.1700 0.2940 0.9406
vn -0.0638 -0.7604 0.6464
vn -0.0663 -0.7966 0.6009
vn 0.4278 -0.8502 -0.3069
vn 0.4276 -0.9023 -0.0546
vn 0.2763 -0.8615 0.4260
vn 0.4434 -0.8933 0.0739
vn 0.3312 -0.9206 0.2068
vn -0.3936 -0.6305 -0.6690
vn -0.2305 -0.6947 -0.6813
vn 0.5012 -0.8486 0.1691
vn -0.1196 -0.7159 -0.6879
vn 0.3298 -0.8870 -0.3233
vn -0.0233 -0.8251 -0.5645
vn -0.7922 -0.5835 0.1788
vn -0.8276 -0.5612 -0.0106
vn -0.1468 -0.7010 -0.6979
vn -0.8535 -0.4909 -0.1748
vn -0.5990 -0.5560 -0.5763
vn -0.6691 -0.6316 -0.3917
vn -0.8936 -0.4322 -0.1211
vn 0.0111 -0.7500 0.6613
vn -0.7465 -0.4910 0.4491
vn -0.2357 -0.6232 0.7457
vn -0.3574 -0.6882 0.6314
vn 0.1776 -0.7629 -0.6216
vn -0.1564 -0.9477 -0.2783
vn 0.2156 -0.9714 0.0998
vn 0.3583 -0.9151 -0.1852
vn 0.3127 -0.9227 0.2257
vn 0.2641 -0.9004 -0.3458
vn 0.0362 -0.9950 0.0927
vn -0.4623 -0.8510 -0.2491
vn -0.2148 -0.8297 -0.5152
vn -0.3126 -0.7060 -0.6355
vn -0.8390 -0.3529 -0.4142
vn -0.3939 -0.6795 0.6190
vn -0.0597 -0.8148 0.5766
vn 0.0327 -0.8735 0.4857
vn -0.3543 -0.9127 0.2037
vn -0.6575 -0.7512 0.0584
vn -0.7986 -0.6018 -0.0085
vn -0.3962 -0.7534 -0.5248
vn -0.2029 -0.8407 0.5020
vn -0.7410 -0.6411 -0.2000
vn -0.5966 -0.7942 -0.1151
vn -0.5187 -0.8155 -0.2568
vn -0.4313 -0.8219 -0.3721
vn -0.2701 -0.8548 0.4432
vn -0.4935 -0.8474 0.1958
vn -0.5810 -0.8136 0.0218
vn 0.2977 -0.9530 -0.0566
vn 0.2389 -0.9552 0.1749
vn 0.0740 -0.9279 0.3655
vn -0.2155 -0.8494 -0.4817
vn -0.1070 -0.9110 -0.3982
vn 0.0947 -0.9762 -0.1953
vn 0.1788 -0.6962 -0.6953
vn -0.2789 -0.9600 -0.0252
vn -0.8282 -0.3379 -0.4470
vn -0.4368 -0.3812 -0.8148
vn 0.4494 -0.8452 0.2892
vn 0.5582 -0.7665 -0.3177
vn -0.5293 -0.5715 0.6271
vn 0.0195 -0.6824 0.7307
vn -0.9453 -0.3030 0.1205
# 155 vertex normals

vt 0.7720 0.8534 0.0000
vt 0.7734 0.8694 0.0000
vt 0.7561 0.8550 0.0000
vt 0.7654 0.8496 0.0000
vt 0.8088 0.8366 0.0000
vt 0.8029 0.8488 0.0000
vt 0.7925 0.8351 0.0000
vt 0.8034 0.8304 0.0000
vt 0.8118 0.8280 0.0000
vt 0.8111 0.8269 0.0000
vt 0.7906 0.8750 0.0000
vt 0.7868 0.8624 0.0000
vt 0.7983 0.8693 0.0000
vt 0.8142 0.8807 0.0000
vt 0.8157 0.8797 0.0000
vt 0.7434 0.8487 0.0000
vt 0.7514 0.8334 0.0000
vt 0.7485 0.8618 0.0000
vt 0.7394 0.8660 0.0000
vt 0.7403 0.8673 0.0000
vt 0.7631 0.8137 0.0000
vt 0.7851 0.8217 0.0000
vt 0.7631 0.8260 0.0000
vt 0.7537 0.8161 0.0000
vt 0.7522 0.8090 0.0000
vt 0.7507 0.8094 0.0000
vt 0.7763 0.8367 0.0000
vt 0.7686 0.8368 0.0000
vt 0.8099 0.8618 0.0000
vt 0.8172 0.8786 0.0000
vt 0.7493 0.8187 0.0000
vt 0.7492 0.8098 0.0000
vt 0.7649 0.8416 0.0000
vt 0.8003 0.8233 0.0000
vt 0.8104 0.8257 0.0000
vt 0.7584 0.8730 0.0000
vt 0.7412 0.8686 0.0000
vt 0.7828 0.8470 0.0000
vt 0.7821 0.8404 0.0000
vt 0.7834 0.8475 0.0000
vt 0.7799 0.8523 0.0000
vt 0.7749 0.8464 0.0000
vt 0.7829 0.8420 0.0000
vt 0.7790 0.8528 0.0000
vt 0.7756 0.8500 0.0000
vt 0.7804 0.8495 0.0000
vt 0.7712 0.8474 0.0000
vt 0.7709 0.8419 0.0000
vt 0.7734 0.8387 0.0000
vt 0.7786 0.8386 0.0000
vt 0.7825 0.8412 0.0000
vt 0.7830 0.8457 0.0000
vt 0.7762 0.8501 0.0000
vt 0.7811 0.8495 0.0000
vt 0.7716 0.8475 0.0000
vt 0.7714 0.8420 0.0000
vt 0.7741 0.8387 0.0000
vt 0.7795 0.8386 0.0000
vt 0.7836 0.8411 0.0000
vt 0.7839 0.8456 0.0000
vt 0.7738 0.8528 0.0000
vt 0.7682 0.8496 0.0000
vt 0.7680 0.8429 0.0000
vt 0.7713 0.8389 0.0000
vt 0.7779 0.8389 0.0000
vt 0.7851 0.8218 0.0000
vt 0.8007 0.8233 0.0000
vt 0.8091 0.8366 0.0000
vt 0.8029 0.8489 0.0000
vt 0.8109 0.8256 0.0000
vt 0.8123 0.8279 0.0000
vt 0.8116 0.8267 0.0000
vt 0.7906 0.8752 0.0000
vt 0.7733 0.8695 0.0000
vt 0.8099 0.8619 0.0000
vt 0.8141 0.8809 0.0000
vt 0.8172 0.8788 0.0000
vt 0.8157 0.8798 0.0000
vt 0.7433 0.8489 0.0000
vt 0.7514 0.8335 0.0000
vt 0.7583 0.8732 0.0000
vt 0.7387 0.8665 0.0000
vt 0.7405 0.8692 0.0000
vt 0.7396 0.8678 0.0000
vt 0.7490 0.8183 0.0000
vt 0.7630 0.8134 0.0000
vt 0.7489 0.8091 0.0000
vt 0.7518 0.8082 0.0000
vt 0.7503 0.8087 0.0000
vt 0.7924 0.8269 0.0000
vt 0.7819 0.8260 0.0000
vt 0.8004 0.8391 0.0000
vt 0.7963 0.8479 0.0000
vt 0.8030 0.8286 0.0000
vt 0.8042 0.8304 0.0000
vt 0.8033 0.8296 0.0000
vt 0.7840 0.8686 0.0000
vt 0.7722 0.8646 0.0000
vt 0.8013 0.8566 0.0000
vt 0.8046 0.8739 0.0000
vt 0.8072 0.8721 0.0000
vt 0.8058 0.8726 0.0000
vt 0.7483 0.8463 0.0000
vt 0.7545 0.8355 0.0000
vt 0.7614 0.8679 0.0000
vt 0.7411 0.8632 0.0000
vt 0.7427 0.8656 0.0000
vt 0.7421 0.8642 0.0000
vt 0.7513 0.8241 0.0000
vt 0.7653 0.8195 0.0000
vt 0.7495 0.8144 0.0000
vt 0.7522 0.8137 0.0000
vt 0.7507 0.8145 0.0000
vt 0.7798 0.8515 0.0000
vt 0.7863 0.8565 0.0000
vt 0.7917 0.8532 0.0000
vt 0.7881 0.8464 0.0000
vt 0.7829 0.8389 0.0000
vt 0.7912 0.8397 0.0000
vt 0.7886 0.8360 0.0000
vt 0.7604 0.8526 0.0000
vt 0.7646 0.8592 0.0000
vt 0.7725 0.8572 0.0000
vt 0.7663 0.8474 0.0000
vt 0.7694 0.8349 0.0000
vt 0.7787 0.8321 0.0000
vt 0.7667 0.8272 0.0000
vt 0.7627 0.8283 0.0000
vt 0.7567 0.8464 0.0000
vt 0.7610 0.8383 0.0000
vt 0.7816 0.8602 0.0000
vt 0.7866 0.8328 0.0000
vt 0.7592 0.8298 0.0000
vt 0.7531 0.8560 0.0000
vt 0.7535 0.8568 0.0000
vt 0.7540 0.8575 0.0000
vt 0.7593 0.8242 0.0000
vt 0.7585 0.8244 0.0000
vt 0.7577 0.8247 0.0000
vt 0.7928 0.8349 0.0000
vt 0.7924 0.8344 0.0000
vt 0.7920 0.8338 0.0000
vt 0.7936 0.8628 0.0000
vt 0.7944 0.8623 0.0000
vt 0.7952 0.8617 0.0000
vt 0.7716 0.8490 0.0000
vt 0.7672 0.8446 0.0000
vt 0.7647 0.8469 0.0000
vt 0.7679 0.8519 0.0000
vt 0.7731 0.8427 0.0000
vt 0.7757 0.8464 0.0000
vt 0.7663 0.8406 0.0000
vt 0.7710 0.8392 0.0000
vt 0.7621 0.8423 0.0000
# 154 texture coords

g ?????
usemtl wire_000000000
s 1
f 553/674/553 554/675/554 555/676/555 556/677/556 
f 554/675/554 553/674/553 554/675/557 
f 557/678/558 558/679/559 559/680/560 560/681/561 
f 561/682/562 557/678/558 560/681/561 562/683/563 
f 563/684/564 554/675/557 564/685/565 565/686/566 
f 554/675/554 554/675/557 563/684/564 
f 566/687/567 563/684/564 565/686/566 567/688/568 
f 568/689/569 569/690/570 555/676/555 570/691/571 
f 571/692/572 568/689/569 570/691/571 572/693/573 
f 573/694/574 574/695/575 575/696/576 576/697/577 
f 577/698/578 573/694/574 576/697/577 578/699/579 
f 579/700/580 580/701/581 575/696/576 574/695/575 
f 581/702/582 565/686/566 564/685/565 558/679/559 
f 582/703/583 567/688/568 565/686/566 581/702/582 
f 576/697/577 575/696/576 569/690/570 583/704/584 
f 578/699/579 576/697/577 583/704/584 584/705/585 
f 585/706/586 569/690/570 575/696/576 580/701/581 
f 586/707/587 560/681/561 559/680/560 574/695/575 
f 587/708/588 562/683/563 560/681/561 586/707/587 
f 570/691/571 555/676/555 554/675/554 588/709/589 
f 589/710/590 572/693/573 570/691/571 588/709/589 
f 590/711/591 591/712/592 559/680/560 558/679/559 
f 592/713/593 593/714/594 594/715/595 595/716/596 
f 564/685/565 554/675/557 553/674/553 596/717/597 
f 555/676/555 569/690/570 585/706/586 556/677/556 
f 579/700/580 574/695/575 559/680/560 591/712/592 
f 590/711/591 558/679/559 564/685/565 596/717/597 
f 597/718/598 598/719/599 596/717/597 553/674/553 
f 599/720/600 597/718/598 553/674/553 556/677/556 
f 600/721/601 599/720/600 556/677/556 585/706/586 
f 601/722/602 600/721/601 585/706/586 580/701/581 
f 602/723/603 601/722/602 580/701/581 579/700/580 
f 603/724/604 602/723/603 579/700/580 591/712/592 
f 604/725/605 603/724/604 591/712/592 590/711/591 
f 598/719/599 604/725/605 590/711/591 596/717/597 
f 605/726/606 606/727/607 598/719/599 597/718/598 
f 607/728/608 605/726/606 597/718/598 599/720/600 
f 608/729/609 607/728/608 599/720/600 600/721/601 
f 609/730/610 608/729/609 600/721/601 601/722/602 
f 610/731/611 609/730/610 601/722/602 602/723/603 
f 611/732/612 610/731/611 602/723/603 603/724/604 
f 612/733/613 611/732/612 603/724/604 604/725/605 
f 606/727/607 612/733/613 604/725/605 598/719/599 
f 613/734/614 593/714/594 606/727/607 605/726/606 
f 614/735/615 613/734/614 605/726/606 607/728/608 
f 615/736/616 614/735/615 607/728/608 608/729/609 
f 616/737/617 615/736/616 608/729/609 609/730/610 
f 617/738/618 616/737/617 609/730/610 610/731/611 
f 595/716/596 617/738/618 610/731/611 611/732/612 
f 592/713/593 595/716/596 611/732/612 612/733/613 
f 593/714/594 592/713/593 612/733/613 606/727/607 
f 594/715/595 616/737/617 617/738/618 595/716/596 
f 594/715/595 593/714/594 613/734/614 614/735/615 
f 615/736/616 616/737/617 594/715/595 614/735/615 
f 618/739/619 619/740/620 586/707/587 574/695/575 
f 620/741/621 621/742/622 558/679/559 557/678/558 
f 619/740/620 622/743/623 587/708/588 586/707/587 
f 623/744/624 620/741/621 557/678/558 561/682/562 
f 622/743/623 624/745/625 562/683/563 587/708/588 
f 625/746/626 626/747/627 554/675/554 563/684/564 
f 621/742/622 627/748/628 581/702/582 558/679/559 
f 628/749/629 625/746/626 563/684/564 566/687/567 
f 627/748/628 629/750/630 582/703/583 581/702/582 
f 629/750/630 630/751/631 567/688/568 582/703/583 
f 631/752/632 632/753/633 569/690/570 568/689/569 
f 626/747/627 633/754/634 588/709/589 554/675/554 
f 634/755/635 631/752/632 568/689/569 571/692/572 
f 633/754/634 635/756/636 589/710/590 588/709/589 
f 635/756/636 636/757/637 572/693/573 589/710/590 
f 632/753/633 637/758/638 583/704/584 569/690/570 
f 638/759/639 618/739/619 574/695/575 573/694/574 
f 637/758/638 639/760/640 584/705/585 583/704/584 
f 640/761/641 638/759/639 573/694/574 577/698/578 
f 639/760/640 641/762/642 578/699/579 584/705/585 
f 630/751/631 628/749/629 566/687/567 567/688/568 
f 641/762/642 640/761/641 577/698/578 578/699/579 
f 624/745/625 623/744/624 561/682/562 562/683/563 
f 636/757/637 634/755/635 571/692/572 572/693/573 
f 642/763/643 619/740/620 618/739/619 643/764/644 
f 644/765/645 645/766/646 621/742/622 620/741/621 
f 646/767/647 622/743/623 619/740/620 642/763/643 
f 647/768/648 644/765/645 620/741/621 623/744/624 
f 648/769/649 624/745/625 622/743/623 646/767/647 
f 649/770/650 650/771/651 626/747/627 625/746/626 
f 651/772/652 627/748/628 621/742/622 645/766/646 
f 652/773/653 649/770/650 625/746/626 628/749/629 
f 653/774/654 629/750/630 627/748/628 651/772/652 
f 653/774/654 654/775/655 630/751/631 629/750/630 
f 655/776/656 656/777/657 632/753/633 631/752/632 
f 657/778/658 633/754/634 626/747/627 650/771/651 
f 658/779/659 655/776/656 631/752/632 634/755/635 
f 659/780/660 635/756/636 633/754/634 657/778/658 
f 659/780/660 660/781/661 636/757/637 635/756/636 
f 661/782/662 637/758/638 632/753/633 656/777/657 
f 662/783/663 643/764/644 618/739/619 638/759/639 
f 663/784/664 639/760/640 637/758/638 661/782/662 
f 664/785/665 662/783/663 638/759/639 640/761/641 
f 663/784/664 665/786/666 641/762/642 639/760/640 
f 652/773/653 628/749/629 630/751/631 654/775/655 
f 665/786/666 664/785/665 640/761/641 641/762/642 
f 647/768/648 623/744/624 624/745/625 648/769/649 
f 660/781/661 658/779/659 634/755/635 636/757/637 
f 666/787/667 667/788/668 668/789/669 669/790/670 
f 670/791/671 669/790/670 671/792/672 672/793/673 
f 673/794/674 674/795/675 675/796/676 676/797/677 
f 677/798/678 678/799/679 679/800/680 680/801/681 
f 681/802/682 673/794/674 676/797/677 682/803/683 
f 683/804/684 667/788/668 666/787/667 675/796/676 
f 670/791/671 672/793/673 684/805/685 678/799/679 
f 682/803/683 677/798/678 680/801/681 685/806/686 
f 686/807/687 687/808/688 673/794/674 681/802/682 
f 688/809/689 674/795/675 673/794/674 687/808/688 
f 689/810/690 690/811/691 680/801/681 679/800/680 
f 690/811/691 691/812/692 685/806/686 680/801/681 
f 692/813/693 693/814/694 672/793/673 671/792/672 
f 694/815/695 684/805/685 672/793/673 693/814/694 
f 695/816/696 696/817/697 667/788/668 683/804/684 
f 697/818/698 668/789/669 667/788/668 696/817/697 
f 698/819/699 699/820/700 700/821/701 701/822/702 
f 702/823/703 699/820/700 698/819/699 703/824/704 
f 704/825/705 699/820/700 702/823/703 705/826/706 
f 700/821/701 699/820/700 704/825/705 706/827/707 
f 703/824/704 698/819/699 666/787/667 669/790/670 
f 702/823/703 703/824/704 669/790/670 670/791/671 
f 705/826/706 702/823/703 670/791/671 678/799/679 
f 704/825/705 705/826/706 678/799/679 677/798/678 
f 706/827/707 704/825/705 677/798/678 682/803/683 
f 700/821/701 706/827/707 682/803/683 676/797/677 
f 701/822/702 700/821/701 676/797/677 675/796/676 
f 698/819/699 701/822/702 675/796/676 666/787/667 
f 684/805/685 642/763/643 643/764/644 678/799/679 
f 645/766/646 644/765/645 671/792/672 669/790/670 
f 694/815/695 646/767/647 642/763/643 684/805/685 
f 644/765/645 647/768/648 692/813/693 671/792/672 
f 648/769/649 646/767/647 694/815/695 693/814/694 
f 650/771/651 649/770/650 683/804/684 675/796/676 
f 668/789/669 651/772/652 645/766/646 669/790/670 
f 649/770/650 652/773/653 695/816/696 683/804/684 
f 697/818/698 653/774/654 651/772/652 668/789/669 
f 654/775/655 653/774/654 697/818/698 696/817/697 
f 656/777/657 655/776/656 681/802/682 682/803/683 
f 674/795/675 657/778/658 650/771/651 675/796/676 
f 655/776/656 658/779/659 686/807/687 681/802/682 
f 688/809/689 659/780/660 657/778/658 674/795/675 
f 660/781/661 659/780/660 688/809/689 687/808/688 
f 685/806/686 661/782/662 656/777/657 682/803/683 
f 643/764/644 662/783/663 679/800/680 678/799/679 
f 691/812/692 663/784/664 661/782/662 685/806/686 
f 662/783/663 664/785/665 689/810/690 679/800/680 
f 665/786/666 663/784/664 691/812/692 690/811/691 
f 652/773/653 654/775/655 696/817/697 695/816/696 
f 664/785/665 665/786/666 690/811/691 689/810/690 
f 692/813/693 647/768/648 648/769/649 693/814/694 
f 658/779/659 660/781/661 687/808/688 686/807/687 
# 152 polygons - 2 triangles

#
# object ??????
#

v  10.9358 1.0043 -4.9616
v  11.1383 0.7034 -4.9372
v  10.8921 0.9831 -4.6388
v  10.8160 1.0261 -4.7598
v  10.5240 1.0651 -5.5701
v  10.7315 0.9771 -5.5232
v  10.5007 1.2679 -5.3607
v  10.4244 1.2214 -5.4895
v  10.3697 1.0978 -5.5839
v  10.3466 1.1042 -5.5693
v  11.1895 0.7725 -5.1854
v  11.0498 1.0305 -5.2568
v  11.1013 0.9589 -5.3654
v  11.1654 0.8084 -5.4949
v  11.1445 0.8225 -5.5251
v  10.6132 0.8364 -4.4248
v  10.4059 0.9219 -4.4842
v  10.9104 0.8870 -4.5665
v  10.8836 0.6648 -4.4532
v  10.9107 0.6563 -4.4715
v  10.1229 1.0412 -4.8126
v  10.1799 1.1364 -5.1551
v  10.3096 1.2460 -4.7685
v  10.1947 1.1028 -4.6514
v  10.0846 0.9617 -4.6543
v  10.0924 0.9509 -4.6244
v  10.4071 1.2230 -5.0877
v  10.4154 1.1961 -4.8542
v  10.9241 0.9306 -5.5638
v  11.1235 0.8366 -5.5553
v  10.2143 0.9189 -4.5285
v  10.1001 0.9401 -4.5945
v  10.5652 1.1239 -4.7431
v  10.2524 1.1406 -5.3951
v  10.3234 1.1107 -5.5546
v  11.1078 0.6894 -4.7359
v  10.9377 0.6477 -4.4898
v  10.7296 1.1206 -5.2897
v  10.5209 1.1967 -5.2654
v  10.5888 0.6554 -5.3140
v  10.7598 0.5984 -5.2113
v  10.4781 0.5742 -5.0623
v  10.3980 0.7171 -5.2911
v  10.9117 1.0395 -5.1756
v  10.7783 0.8466 -5.0247
v  10.7620 0.8705 -5.1699
v  10.6971 0.8614 -4.8878
v  10.5269 0.9278 -4.8764
v  10.4253 0.9767 -4.9518
v  10.4197 0.9950 -5.1102
v  10.4969 0.9772 -5.2308
v  10.6384 0.9255 -5.2472
v  10.8414 0.7263 -5.0044
v  10.8180 0.7419 -5.2136
v  10.7236 0.7588 -4.8120
v  10.4772 0.8446 -4.8045
v  10.3304 0.8993 -4.9179
v  10.3228 0.9060 -5.1452
v  10.4348 0.8708 -5.3140
v  10.6396 0.8037 -5.3306
v  10.7891 0.5835 -5.0170
v  10.6859 0.6130 -4.8331
v  10.4559 0.6919 -4.8172
v  10.3145 0.7424 -4.9176
v  10.2992 0.7491 -5.1294
v  10.1860 1.1513 -5.1588
v  10.2547 1.1587 -5.4056
v  10.5263 1.0826 -5.5803
v  10.7377 0.9920 -5.5268
v  10.3240 1.1294 -5.5678
v  10.3704 1.1165 -5.5971
v  10.3472 1.1229 -5.5825
v  11.1959 0.7885 -5.1889
v  11.1445 0.7182 -4.9407
v  10.9304 0.9465 -5.5673
v  11.1717 0.8232 -5.4984
v  11.1298 0.8514 -5.5587
v  11.1507 0.8373 -5.5286
v  10.6202 0.8501 -4.4266
v  10.4121 0.9369 -4.4877
v  11.1151 0.7030 -4.7373
v  10.8966 0.6699 -4.4436
v  10.9507 0.6528 -4.4802
v  10.9236 0.6613 -4.4619
v  10.2080 0.9347 -4.5262
v  10.1213 1.0568 -4.8124
v  10.0872 0.9531 -4.5890
v  10.0717 0.9747 -4.6488
v  10.0795 0.9639 -4.6189
v  10.3177 1.2622 -5.3379
v  10.2981 1.2322 -5.1261
v  10.5668 1.1921 -5.5024
v  10.7452 1.1062 -5.4247
v  10.3917 1.2553 -5.4863
v  10.4281 1.2446 -5.5095
v  10.4128 1.2505 -5.4923
v  11.0970 0.9772 -5.0914
v  11.0755 0.8882 -4.9483
v  10.9244 1.0703 -5.5331
v  11.1982 0.9539 -5.4951
v  11.1631 0.9836 -5.5488
v  11.1731 0.9754 -5.5208
v  10.7025 0.9718 -4.4663
v  10.4818 1.0632 -4.5821
v  11.1430 0.8437 -4.7372
v  10.9415 0.8708 -4.4231
v  10.9888 0.8555 -4.4551
v  10.9608 0.8689 -4.4429
v  10.3294 1.0865 -4.5946
v  10.2175 1.2466 -4.9145
v  10.1607 1.1122 -4.5688
v  10.1470 1.1211 -4.6220
v  10.1635 1.1196 -4.5949
v  10.8801 1.2337 -5.1474
v  10.9522 1.1745 -5.2686
v  10.8746 1.1639 -5.3611
v  10.7373 1.2074 -5.3141
v  10.5845 1.3578 -5.2153
v  10.6024 1.2713 -5.3464
v  10.5401 1.3492 -5.3064
v  10.8665 1.1149 -4.7464
v  10.9890 1.0184 -4.8196
v  10.9967 1.0631 -4.9609
v  10.7891 1.2319 -4.8372
v  10.4935 1.3560 -4.9051
v  10.4055 1.3112 -5.0966
v  10.3435 1.2898 -4.8514
v  10.3768 1.3233 -4.7844
v  10.7276 1.0966 -4.6579
v  10.5554 1.2038 -4.6938
v  11.0135 1.0704 -5.1610
v  10.4612 1.3122 -5.2518
v  10.3938 1.2420 -4.7021
v  10.9214 1.0042 -4.5882
v  10.9360 0.9998 -4.5973
v  10.9507 0.9954 -4.6063
v  10.2802 1.2878 -4.7012
v  10.2853 1.2827 -4.6854
v  10.2903 1.2776 -4.6697
v  10.5062 1.3114 -5.3755
v  10.4941 1.3149 -5.3675
v  10.4821 1.3183 -5.3596
v  11.0702 1.0911 -5.4034
v  11.0592 1.0985 -5.4192
v  11.0482 1.1059 -5.4351
v  10.8840 1.5118 -5.0183
v  10.8146 1.6831 -4.9485
v  10.8382 1.5109 -4.8621
v  10.9426 1.4259 -4.9244
v  10.7352 1.5742 -5.0524
v  10.8121 1.4986 -5.1022
v  10.6894 1.5733 -4.8963
v  10.6451 1.5508 -4.9927
v  10.7205 1.4967 -4.7899
# 154 vertices

vn -0.1712 -0.9795 -0.1060
vn 0.5849 -0.8110 0.0081
vn -0.5281 -0.7311 -0.4319
vn -0.1694 -0.9605 0.2206
vn -0.7811 -0.5315 -0.3277
vn -0.3166 -0.9280 -0.1964
vn -0.3519 -0.8845 -0.3063
vn -0.2009 -0.9737 0.1074
vn 0.0404 -0.8578 0.5125
vn -0.2594 -0.9543 -0.1483
vn -0.2571 -0.9662 0.0193
vn 0.1785 -0.9635 -0.1995
vn -0.5549 -0.8319 -0.0008
vn -0.6843 -0.6959 0.2179
vn 0.1064 -0.9718 -0.2105
vn -0.1265 -0.9297 -0.3459
vn -0.3659 -0.7744 0.5162
vn -0.4915 -0.7377 0.4629
vn -0.5912 -0.4840 -0.6452
vn -0.4902 -0.8715 -0.0115
vn -0.4241 -0.8791 -0.2174
vn -0.2254 -0.8789 -0.4203
vn -0.6999 -0.7007 -0.1384
vn 0.1488 -0.9415 -0.3024
vn 0.4969 -0.6850 -0.5328
vn -0.0882 -0.9104 -0.4041
vn -0.1387 -0.8929 -0.4284
vn -0.4735 -0.8685 -0.1467
vn -0.6937 -0.7066 0.1397
vn -0.3090 -0.7924 -0.5260
vn -0.0919 -0.8389 -0.5364
vn -0.0580 -0.9736 0.2209
vn -0.3796 -0.9211 0.0859
vn -0.4443 -0.8958 0.0126
vn -0.4983 -0.8549 -0.1440
vn -0.4419 -0.8960 -0.0450
vn 0.1740 -0.9799 0.0978
vn -0.2937 -0.9318 -0.2134
vn -0.2981 -0.8813 -0.3667
vn -0.5929 -0.4975 -0.6332
vn -0.0038 -0.5824 -0.8129
vn 0.4903 -0.7251 -0.4835
vn -0.3554 -0.9346 -0.0136
vn -0.5823 -0.4034 -0.7059
vn 0.1420 -0.9082 -0.3937
vn 0.9770 -0.1138 0.1806
vn 0.8188 -0.0036 -0.5741
vn 0.5148 -0.0222 0.8570
vn -0.2522 0.1263 0.9594
vn -0.8215 0.3301 0.4649
vn -0.8795 0.4003 -0.2575
vn -0.4355 0.3448 -0.8316
vn 0.2511 0.1663 -0.9536
vn 0.9752 0.0403 0.2175
vn 0.8633 0.0545 -0.5017
vn 0.5359 0.1550 0.8299
vn -0.1888 0.3308 0.9246
vn -0.7530 0.4665 0.4642
vn -0.8396 0.4691 -0.2739
vn -0.3933 0.3538 -0.8486
vn 0.3019 0.1803 -0.9361
vn 0.6126 -0.7785 0.1368
vn 0.2636 -0.6673 0.6966
vn -0.3758 -0.4714 0.7978
vn -0.8471 -0.3217 0.4230
vn -0.9322 -0.2989 -0.2039
vn -0.8246 0.5434 -0.1576
vn -0.8839 0.3058 -0.3539
vn 0.1736 0.0117 -0.9847
vn 0.0074 0.1747 -0.9846
vn -0.6964 0.1587 -0.6999
vn -0.2283 0.0219 -0.9733
vn -0.5150 0.1037 -0.8509
vn 0.9951 -0.0286 0.0943
vn 0.9917 -0.0823 0.0988
vn -0.0800 0.0468 -0.9957
vn 0.8607 -0.3149 -0.4001
vn 0.4034 -0.1941 -0.8942
vn 0.7209 -0.2831 -0.6326
vn -0.0554 0.2160 0.9748
vn -0.1406 0.4396 0.8871
vn 0.9028 -0.3167 0.2909
vn 0.1196 -0.5279 0.8409
vn 0.5124 -0.6770 0.5283
vn 0.2951 -0.6137 0.7323
vn -0.3034 -0.0120 0.9528
vn -0.9694 0.2020 -0.1395
vn -0.8181 -0.2788 0.5030
vn -0.9921 -0.1208 -0.0341
vn -0.9670 -0.1880 0.1720
vn -0.5609 0.8161 -0.1393
vn -0.5170 0.8514 -0.0885
vn 0.4020 0.6179 -0.6757
vn 0.1923 0.7327 -0.6529
vn -0.3107 0.7859 -0.5346
vn -0.0333 0.7373 -0.6748
vn -0.1290 0.8055 -0.5784
vn 0.7048 0.6054 0.3698
vn 0.8748 0.4694 0.1200
vn -0.0218 0.6312 -0.7753
vn 0.9283 0.2505 -0.2747
vn 0.6343 0.3788 -0.6739
vn 0.8656 0.3969 -0.3054
vn 0.0325 0.6245 0.7803
vn 0.0237 0.6343 0.7727
vn 0.9418 0.2726 0.1968
vn 0.4149 0.2746 0.8674
vn 0.6838 0.1944 0.7033
vn 0.6118 0.3385 0.7150
vn 0.0877 0.4727 0.8769
vn -0.6343 0.7675 -0.0925
vn -0.4943 0.5125 0.7021
vn -0.8087 0.5184 0.2780
vn -0.7811 0.5744 0.2450
vn 0.7727 0.5149 -0.3712
vn 0.5212 0.8513 -0.0594
vn 0.0933 0.8993 -0.4273
vn 0.3270 0.7241 -0.6072
vn -0.1071 0.8516 -0.5131
vn 0.4948 0.7213 -0.4847
vn 0.0997 0.9546 -0.2806
vn 0.5136 0.7528 0.4117
vn 0.7477 0.6439 0.1625
vn 0.8759 0.4490 0.1766
vn 0.5454 0.3019 0.7819
vn -0.5166 0.8031 0.2969
vn -0.5476 0.8255 -0.1365
vn -0.3884 0.9119 -0.1325
vn -0.1115 0.9657 0.2346
vn 0.2109 0.7588 0.6162
vn 0.1338 0.5991 0.7894
vn 0.7272 0.6595 0.1902
vn -0.3797 0.9248 -0.0251
vn 0.2284 0.6313 0.7411
vn 0.3659 0.7803 0.5072
vn 0.4992 0.7433 0.4453
vn 0.6111 0.7049 0.3600
vn -0.4480 0.8707 0.2028
vn -0.2031 0.8783 0.4328
vn 0.0021 0.7957 0.6056
vn 0.2015 0.8337 -0.5142
vn -0.0419 0.8918 -0.4505
vn -0.2212 0.9392 -0.2627
vn 0.6888 0.7237 0.0417
vn 0.6255 0.7771 -0.0693
vn 0.4091 0.8583 -0.3097
vn 0.8063 0.4800 -0.3456
vn 0.2456 0.9665 0.0747
vn 0.5745 0.3844 0.7226
vn 0.9093 0.2703 0.3164
vn -0.1456 0.7858 -0.6011
vn 0.4206 0.5572 -0.7160
vn -0.4496 0.7853 0.4256
vn -0.5735 0.8089 -0.1296
vn 0.0234 0.4974 0.8672
# 155 vertex normals

vt 0.7317 0.7483 0.0000
vt 0.7436 0.7469 0.0000
vt 0.7291 0.7300 0.0000
vt 0.7247 0.7369 0.0000
vt 0.7075 0.7827 0.0000
vt 0.7197 0.7800 0.0000
vt 0.7061 0.7708 0.0000
vt 0.7016 0.7781 0.0000
vt 0.6984 0.7835 0.0000
vt 0.6970 0.7826 0.0000
vt 0.7467 0.7609 0.0000
vt 0.7384 0.7650 0.0000
vt 0.7415 0.7711 0.0000
vt 0.7452 0.7784 0.0000
vt 0.7440 0.7801 0.0000
vt 0.7127 0.7179 0.0000
vt 0.7005 0.7213 0.0000
vt 0.7302 0.7259 0.0000
vt 0.7286 0.7195 0.0000
vt 0.7302 0.7206 0.0000
vt 0.6838 0.7399 0.0000
vt 0.6872 0.7592 0.0000
vt 0.6948 0.7374 0.0000
vt 0.6881 0.7307 0.0000
vt 0.6816 0.7309 0.0000
vt 0.6820 0.7292 0.0000
vt 0.7006 0.7554 0.0000
vt 0.7011 0.7422 0.0000
vt 0.7310 0.7823 0.0000
vt 0.7428 0.7818 0.0000
vt 0.6892 0.7238 0.0000
vt 0.6825 0.7275 0.0000
vt 0.7099 0.7359 0.0000
vt 0.6915 0.7728 0.0000
vt 0.6956 0.7818 0.0000
vt 0.7418 0.7355 0.0000
vt 0.7318 0.7216 0.0000
vt 0.7196 0.7668 0.0000
vt 0.7073 0.7655 0.0000
vt 0.7113 0.7682 0.0000
vt 0.7213 0.7624 0.0000
vt 0.7047 0.7540 0.0000
vt 0.7000 0.7669 0.0000
vt 0.7303 0.7604 0.0000
vt 0.7224 0.7519 0.0000
vt 0.7215 0.7601 0.0000
vt 0.7177 0.7441 0.0000
vt 0.7076 0.7435 0.0000
vt 0.7016 0.7477 0.0000
vt 0.7013 0.7567 0.0000
vt 0.7059 0.7635 0.0000
vt 0.7142 0.7644 0.0000
vt 0.7262 0.7507 0.0000
vt 0.7248 0.7625 0.0000
vt 0.7192 0.7398 0.0000
vt 0.7047 0.7394 0.0000
vt 0.6960 0.7458 0.0000
vt 0.6956 0.7587 0.0000
vt 0.7022 0.7682 0.0000
vt 0.7143 0.7691 0.0000
vt 0.7231 0.7514 0.0000
vt 0.7170 0.7410 0.0000
vt 0.7034 0.7401 0.0000
vt 0.6951 0.7458 0.0000
vt 0.6942 0.7578 0.0000
vt 0.6875 0.7594 0.0000
vt 0.6916 0.7734 0.0000
vt 0.7076 0.7833 0.0000
vt 0.7200 0.7802 0.0000
vt 0.6957 0.7826 0.0000
vt 0.6984 0.7842 0.0000
vt 0.6970 0.7834 0.0000
vt 0.7470 0.7611 0.0000
vt 0.7440 0.7471 0.0000
vt 0.7314 0.7825 0.0000
vt 0.7456 0.7786 0.0000
vt 0.7431 0.7820 0.0000
vt 0.7444 0.7803 0.0000
vt 0.7131 0.7180 0.0000
vt 0.7009 0.7215 0.0000
vt 0.7423 0.7356 0.0000
vt 0.7294 0.7190 0.0000
vt 0.7326 0.7211 0.0000
vt 0.7310 0.7200 0.0000
vt 0.6888 0.7237 0.0000
vt 0.6837 0.7399 0.0000
vt 0.6817 0.7272 0.0000
vt 0.6808 0.7306 0.0000
vt 0.6813 0.7289 0.0000
vt 0.6953 0.7696 0.0000
vt 0.6941 0.7576 0.0000
vt 0.7100 0.7789 0.0000
vt 0.7205 0.7745 0.0000
vt 0.6997 0.7780 0.0000
vt 0.7018 0.7793 0.0000
vt 0.7009 0.7783 0.0000
vt 0.7412 0.7556 0.0000
vt 0.7399 0.7475 0.0000
vt 0.7310 0.7806 0.0000
vt 0.7472 0.7784 0.0000
vt 0.7451 0.7815 0.0000
vt 0.7457 0.7799 0.0000
vt 0.7180 0.7203 0.0000
vt 0.7050 0.7268 0.0000
vt 0.7439 0.7356 0.0000
vt 0.7321 0.7178 0.0000
vt 0.7348 0.7197 0.0000
vt 0.7332 0.7190 0.0000
vt 0.6960 0.7275 0.0000
vt 0.6894 0.7456 0.0000
vt 0.6860 0.7261 0.0000
vt 0.6852 0.7291 0.0000
vt 0.6862 0.7276 0.0000
vt 0.7284 0.7588 0.0000
vt 0.7327 0.7656 0.0000
vt 0.7281 0.7709 0.0000
vt 0.7200 0.7682 0.0000
vt 0.7110 0.7626 0.0000
vt 0.7121 0.7700 0.0000
vt 0.7084 0.7678 0.0000
vt 0.7276 0.7361 0.0000
vt 0.7349 0.7403 0.0000
vt 0.7353 0.7482 0.0000
vt 0.7231 0.7413 0.0000
vt 0.7057 0.7451 0.0000
vt 0.7005 0.7559 0.0000
vt 0.6968 0.7421 0.0000
vt 0.6988 0.7383 0.0000
vt 0.7194 0.7311 0.0000
vt 0.7093 0.7331 0.0000
vt 0.7363 0.7596 0.0000
vt 0.7038 0.7647 0.0000
vt 0.6998 0.7336 0.0000
vt 0.7309 0.7272 0.0000
vt 0.7317 0.7277 0.0000
vt 0.7326 0.7282 0.0000
vt 0.6931 0.7336 0.0000
vt 0.6934 0.7327 0.0000
vt 0.6937 0.7318 0.0000
vt 0.7064 0.7717 0.0000
vt 0.7057 0.7712 0.0000
vt 0.7050 0.7708 0.0000
vt 0.7396 0.7733 0.0000
vt 0.7390 0.7742 0.0000
vt 0.7383 0.7751 0.0000
vt 0.7287 0.7515 0.0000
vt 0.7246 0.7475 0.0000
vt 0.7260 0.7427 0.0000
vt 0.7321 0.7462 0.0000
vt 0.7199 0.7534 0.0000
vt 0.7244 0.7562 0.0000
vt 0.7172 0.7446 0.0000
vt 0.7146 0.7500 0.0000
vt 0.7190 0.7386 0.0000
# 154 texture coords

g ??????
usemtl wire_000000000
s 1
f 707/828/708 708/829/709 709/830/710 710/831/711 
f 708/829/709 707/828/708 708/829/712 
f 711/832/713 712/833/714 713/834/715 714/835/716 
f 715/836/717 711/832/713 714/835/716 716/837/718 
f 717/838/719 708/829/712 718/839/720 719/840/721 
f 708/829/709 708/829/712 717/838/719 
f 720/841/722 717/838/719 719/840/721 721/842/723 
f 722/843/724 723/844/725 709/830/710 724/845/726 
f 725/846/727 722/843/724 724/845/726 726/847/728 
f 727/848/729 728/849/730 729/850/731 730/851/732 
f 731/852/733 727/848/729 730/851/732 732/853/734 
f 733/854/735 734/855/736 729/850/731 728/849/730 
f 735/856/737 719/840/721 718/839/720 712/833/714 
f 736/857/738 721/842/723 719/840/721 735/856/737 
f 730/851/732 729/850/731 723/844/725 737/858/739 
f 732/853/734 730/851/732 737/858/739 738/859/740 
f 739/860/741 723/844/725 729/850/731 734/855/736 
f 740/861/742 714/835/716 713/834/715 728/849/730 
f 741/862/743 716/837/718 714/835/716 740/861/742 
f 724/845/726 709/830/710 708/829/709 742/863/744 
f 743/864/745 726/847/728 724/845/726 742/863/744 
f 744/865/746 745/866/747 713/834/715 712/833/714 
f 746/867/748 747/868/749 748/869/750 749/870/751 
f 718/839/720 708/829/712 707/828/708 750/871/752 
f 709/830/710 723/844/725 739/860/741 710/831/711 
f 733/854/735 728/849/730 713/834/715 745/866/747 
f 744/865/746 712/833/714 718/839/720 750/871/752 
f 751/872/753 752/873/754 750/871/752 707/828/708 
f 753/874/755 751/872/753 707/828/708 710/831/711 
f 754/875/756 753/874/755 710/831/711 739/860/741 
f 755/876/757 754/875/756 739/860/741 734/855/736 
f 756/877/758 755/876/757 734/855/736 733/854/735 
f 757/878/759 756/877/758 733/854/735 745/866/747 
f 758/879/760 757/878/759 745/866/747 744/865/746 
f 752/873/754 758/879/760 744/865/746 750/871/752 
f 759/880/761 760/881/762 752/873/754 751/872/753 
f 761/882/763 759/880/761 751/872/753 753/874/755 
f 762/883/764 761/882/763 753/874/755 754/875/756 
f 763/884/765 762/883/764 754/875/756 755/876/757 
f 764/885/766 763/884/765 755/876/757 756/877/758 
f 765/886/767 764/885/766 756/877/758 757/878/759 
f 766/887/768 765/886/767 757/878/759 758/879/760 
f 760/881/762 766/887/768 758/879/760 752/873/754 
f 767/888/769 747/868/749 760/881/762 759/880/761 
f 768/889/770 767/888/769 759/880/761 761/882/763 
f 769/890/771 768/889/770 761/882/763 762/883/764 
f 770/891/772 769/890/771 762/883/764 763/884/765 
f 771/892/773 770/891/772 763/884/765 764/885/766 
f 749/870/751 771/892/773 764/885/766 765/886/767 
f 746/867/748 749/870/751 765/886/767 766/887/768 
f 747/868/749 746/867/748 766/887/768 760/881/762 
f 748/869/750 770/891/772 771/892/773 749/870/751 
f 748/869/750 747/868/749 767/888/769 768/889/770 
f 769/890/771 770/891/772 748/869/750 768/889/770 
f 772/893/774 773/894/775 740/861/742 728/849/730 
f 774/895/776 775/896/777 712/833/714 711/832/713 
f 773/894/775 776/897/778 741/862/743 740/861/742 
f 777/898/779 774/895/776 711/832/713 715/836/717 
f 776/897/778 778/899/780 716/837/718 741/862/743 
f 779/900/781 780/901/782 708/829/709 717/838/719 
f 775/896/777 781/902/783 735/856/737 712/833/714 
f 782/903/784 779/900/781 717/838/719 720/841/722 
f 781/902/783 783/904/785 736/857/738 735/856/737 
f 783/904/785 784/905/786 721/842/723 736/857/738 
f 785/906/787 786/907/788 723/844/725 722/843/724 
f 780/901/782 787/908/789 742/863/744 708/829/709 
f 788/909/790 785/906/787 722/843/724 725/846/727 
f 787/908/789 789/910/791 743/864/745 742/863/744 
f 789/910/791 790/911/792 726/847/728 743/864/745 
f 786/907/788 791/912/793 737/858/739 723/844/725 
f 792/913/794 772/893/774 728/849/730 727/848/729 
f 791/912/793 793/914/795 738/859/740 737/858/739 
f 794/915/796 792/913/794 727/848/729 731/852/733 
f 793/914/795 795/916/797 732/853/734 738/859/740 
f 784/905/786 782/903/784 720/841/722 721/842/723 
f 795/916/797 794/915/796 731/852/733 732/853/734 
f 778/899/780 777/898/779 715/836/717 716/837/718 
f 790/911/792 788/909/790 725/846/727 726/847/728 
f 796/917/798 773/894/775 772/893/774 797/918/799 
f 798/919/800 799/920/801 775/896/777 774/895/776 
f 800/921/802 776/897/778 773/894/775 796/917/798 
f 801/922/803 798/919/800 774/895/776 777/898/779 
f 802/923/804 778/899/780 776/897/778 800/921/802 
f 803/924/805 804/925/806 780/901/782 779/900/781 
f 805/926/807 781/902/783 775/896/777 799/920/801 
f 806/927/808 803/924/805 779/900/781 782/903/784 
f 807/928/809 783/904/785 781/902/783 805/926/807 
f 807/928/809 808/929/810 784/905/786 783/904/785 
f 809/930/811 810/931/812 786/907/788 785/906/787 
f 811/932/813 787/908/789 780/901/782 804/925/806 
f 812/933/814 809/930/811 785/906/787 788/909/790 
f 813/934/815 789/910/791 787/908/789 811/932/813 
f 813/934/815 814/935/816 790/911/792 789/910/791 
f 815/936/817 791/912/793 786/907/788 810/931/812 
f 816/937/818 797/918/799 772/893/774 792/913/794 
f 817/938/819 793/914/795 791/912/793 815/936/817 
f 818/939/820 816/937/818 792/913/794 794/915/796 
f 817/938/819 819/940/821 795/916/797 793/914/795 
f 806/927/808 782/903/784 784/905/786 808/929/810 
f 819/940/821 818/939/820 794/915/796 795/916/797 
f 801/922/803 777/898/779 778/899/780 802/923/804 
f 814/935/816 812/933/814 788/909/790 790/911/792 
f 820/941/822 821/942/823 822/943/824 823/944/825 
f 824/945/826 823/944/825 825/946/827 826/947/828 
f 827/948/829 828/949/830 829/950/831 830/951/832 
f 831/952/833 832/953/834 833/954/835 834/955/836 
f 835/956/837 827/948/829 830/951/832 836/957/838 
f 837/958/839 821/942/823 820/941/822 829/950/831 
f 824/945/826 826/947/828 838/959/840 832/953/834 
f 836/957/838 831/952/833 834/955/836 839/960/841 
f 840/961/842 841/962/843 827/948/829 835/956/837 
f 842/963/844 828/949/830 827/948/829 841/962/843 
f 843/964/845 844/965/846 834/955/836 833/954/835 
f 844/965/846 845/966/847 839/960/841 834/955/836 
f 846/967/848 847/968/849 826/947/828 825/946/827 
f 848/969/850 838/959/840 826/947/828 847/968/849 
f 849/970/851 850/971/852 821/942/823 837/958/839 
f 851/972/853 822/943/824 821/942/823 850/971/852 
f 852/973/854 853/974/855 854/975/856 855/976/857 
f 856/977/858 853/974/855 852/973/854 857/978/859 
f 858/979/860 853/974/855 856/977/858 859/980/861 
f 854/975/856 853/974/855 858/979/860 860/981/862 
f 857/978/859 852/973/854 820/941/822 823/944/825 
f 856/977/858 857/978/859 823/944/825 824/945/826 
f 859/980/861 856/977/858 824/945/826 832/953/834 
f 858/979/860 859/980/861 832/953/834 831/952/833 
f 860/981/862 858/979/860 831/952/833 836/957/838 
f 854/975/856 860/981/862 836/957/838 830/951/832 
f 855/976/857 854/975/856 830/951/832 829/950/831 
f 852/973/854 855/976/857 829/950/831 820/941/822 
f 838/959/840 796/917/798 797/918/799 832/953/834 
f 799/920/801 798/919/800 825/946/827 823/944/825 
f 848/969/850 800/921/802 796/917/798 838/959/840 
f 798/919/800 801/922/803 846/967/848 825/946/827 
f 802/923/804 800/921/802 848/969/850 847/968/849 
f 804/925/806 803/924/805 837/958/839 829/950/831 
f 822/943/824 805/926/807 799/920/801 823/944/825 
f 803/924/805 806/927/808 849/970/851 837/958/839 
f 851/972/853 807/928/809 805/926/807 822/943/824 
f 808/929/810 807/928/809 851/972/853 850/971/852 
f 810/931/812 809/930/811 835/956/837 836/957/838 
f 828/949/830 811/932/813 804/925/806 829/950/831 
f 809/930/811 812/933/814 840/961/842 835/956/837 
f 842/963/844 813/934/815 811/932/813 828/949/830 
f 814/935/816 813/934/815 842/963/844 841/962/843 
f 839/960/841 815/936/817 810/931/812 836/957/838 
f 797/918/799 816/937/818 833/954/835 832/953/834 
f 845/966/847 817/938/819 815/936/817 839/960/841 
f 816/937/818 818/939/820 843/964/845 833/954/835 
f 819/940/821 817/938/819 845/966/847 844/965/846 
f 806/927/808 808/929/810 850/971/852 849/970/851 
f 818/939/820 819/940/821 844/965/846 843/964/845 
f 846/967/848 801/922/803 802/923/804 847/968/849 
f 812/933/814 814/935/816 841/962/843 840/961/842 
# 152 polygons - 2 triangles

#
# object ?????????
#

v  38.8878 10.7209 3.1002
v  37.8495 8.8730 4.8751
v  39.3000 7.0992 3.4091
v  40.2894 8.8569 1.7258
v  39.2253 11.9377 1.4477
v  40.6133 10.0163 0.1592
v  39.3435 12.0817 -5.1970
v  37.8899 14.1156 -4.1777
v  38.9019 13.4750 -1.6887
v  40.3023 11.4762 -2.8300
v  37.8264 12.1204 -7.3689
v  36.1781 14.3020 -6.4189
v  35.9093 11.5896 -9.1063
v  34.2822 13.5941 -8.2895
v  33.7796 10.5412 -10.2390
v  32.0398 12.4959 -9.4792
v  31.6486 9.0783 -10.6492
v  29.6804 11.1028 -9.8722
v  29.7212 7.3388 -10.2900
v  29.6793 11.0935 -9.8442
v  27.9097 9.0100 -9.5575
v  25.6327 3.1456 -4.8146
v  26.8552 2.2213 -5.4258
v  27.0128 1.3244 -2.9729
v  26.1183 1.9467 -2.4606
v  29.5442 0.3498 1.5149
v  27.9820 0.7198 -0.5762
v  30.3285 0.0909 -1.9160
v  31.6919 -0.0247 0.0185
v  33.4875 0.2505 1.3568
v  31.4644 0.8659 3.1832
v  35.2786 1.1323 2.2897
v  33.7047 2.0620 4.4077
v  37.0930 2.3772 2.6421
v  35.8376 3.5254 4.8221
v  38.7302 3.8575 2.3495
v  37.7660 5.2620 4.4760
v  40.0054 5.4182 1.4302
v  40.8581 6.9037 -0.0086
v  41.1451 7.8894 -1.3330
v  40.0612 9.6683 -5.8715
v  40.8964 9.1442 -3.8397
v  38.7813 9.6915 -7.7273
v  37.1507 9.2400 -9.2051
v  35.3293 8.3585 -10.1600
v  33.5269 7.1038 -10.5157
v  31.8880 5.6240 -10.2300
v  30.5802 4.0645 -9.3204
v  28.1828 5.5005 -9.2329
v  29.7283 2.5790 -7.8794
v  27.1949 3.7462 -7.5571
v  29.4434 1.2776 -6.0697
v  29.6731 0.3960 -4.0196
v  33.4118 0.2489 -3.4818
v  34.0977 0.0693 -1.9594
v  35.2419 0.3632 -0.9756
v  36.5391 0.9898 -0.3566
v  37.9191 1.9084 0.0570
v  38.9319 2.8932 -0.3122
v  39.6749 3.9138 -1.1979
v  40.3945 5.0786 -1.9553
v  40.6538 5.7721 -2.8510
v  39.7293 6.7209 -6.0480
v  40.4654 6.6149 -4.6574
v  38.9697 6.9997 -7.4053
v  37.8329 6.6856 -8.4357
v  36.6016 5.8640 -8.8800
v  35.2613 5.1914 -9.3547
v  34.1276 4.1426 -9.1592
v  33.2104 3.0531 -8.5233
v  32.9046 2.0502 -7.3678
v  32.4535 1.1544 -6.1022
v  32.6001 0.4352 -4.8000
v  34.8434 0.8436 -3.9121
v  35.9455 1.5187 -4.4460
v  36.2469 1.4370 -4.1118
v  35.3038 0.7039 -3.1773
v  36.4089 1.4428 -3.5334
v  36.6010 1.6638 -3.9963
v  35.9344 0.9846 -2.2899
v  36.4298 1.4294 -3.2303
v  36.6868 1.5513 -3.3364
v  36.9642 1.3387 -2.0175
v  36.9319 1.7930 -3.7617
v  37.2314 1.8159 -3.4285
v  37.8692 1.9333 -1.7833
v  37.7358 2.1538 -3.3191
v  38.6250 2.6384 -1.9390
v  38.1765 2.5561 -3.3860
v  38.9794 3.2400 -2.3808
v  38.3498 2.8833 -3.5362
v  39.1470 3.6350 -2.5862
v  38.4721 3.2838 -3.7029
v  38.6472 3.6315 -3.9661
v  39.5945 4.2819 -3.0017
v  39.8705 4.7491 -3.5856
v  38.8201 3.8345 -4.3697
v  39.2538 5.3391 -5.6759
v  39.7233 5.2393 -4.9281
v  38.8279 4.0742 -5.1279
v  38.6094 4.1924 -5.4848
v  39.0220 5.3991 -6.1018
v  38.3923 4.2486 -5.8838
v  38.1968 4.2353 -6.2869
v  38.6541 5.5029 -6.8869
v  37.8844 5.2913 -7.5841
v  37.7706 4.1195 -6.6725
v  37.1563 4.8909 -7.7930
v  37.3758 3.9777 -6.8043
v  36.7461 4.6838 -7.9203
v  36.9848 3.7972 -6.9151
v  36.6351 3.5475 -7.0221
v  36.0412 4.2714 -8.2102
v  35.2680 3.5479 -8.0753
v  36.1986 3.1339 -6.9433
v  34.6614 2.7785 -7.6594
v  35.8821 2.6691 -6.7317
v  34.4475 2.2765 -7.0070
v  35.7112 2.4300 -6.4259
v  34.2970 1.9918 -6.6225
v  35.5532 2.1715 -6.0578
v  35.5068 1.8628 -5.7076
v  34.0616 1.4168 -5.9877
v  34.6198 0.9013 -4.3187
v  34.2363 0.9476 -5.0528
v  35.7380 1.5667 -4.8069
v  35.6313 1.5933 -5.1911
v  36.5420 2.0819 -4.7875
v  36.7464 2.0688 -4.6542
v  36.7650 2.5221 -4.9883
v  36.8957 2.5564 -4.8711
v  36.8379 2.0449 -4.3870
v  36.9939 2.4939 -4.6799
v  37.0203 2.1161 -4.2577
v  37.2664 2.2680 -4.2954
v  37.1455 2.6482 -4.7005
v  37.5220 2.4420 -4.2475
v  37.2703 2.7312 -4.6786
v  37.7439 2.6457 -4.2794
v  37.3743 2.8323 -4.6940
v  37.8548 2.8154 -4.2800
v  37.4860 2.9502 -4.7021
v  37.9410 3.2510 -4.5588
v  37.9183 3.0711 -4.3747
v  37.4569 3.1203 -4.8263
v  38.0362 3.3269 -4.7918
v  37.5046 3.1569 -4.9354
v  38.0852 3.4299 -5.1774
v  38.0236 3.5476 -5.3558
v  37.5355 3.2048 -5.1247
v  37.5237 3.2717 -5.2909
v  37.8903 3.5821 -5.6008
v  37.7563 3.5152 -5.7824
v  37.3812 3.2450 -5.4086
v  37.5438 3.4584 -5.9744
v  37.2767 3.2175 -5.5032
v  37.3457 3.4416 -6.0929
v  37.1510 3.1823 -5.6216
v  37.1032 3.3349 -6.1583
v  36.9329 3.1754 -6.1466
v  36.9872 3.0868 -5.5822
v  36.7127 2.9637 -6.1071
v  36.8810 2.9830 -5.5659
v  36.5644 2.7156 -6.0102
v  36.8090 2.8631 -5.5182
v  36.4184 2.5914 -5.9029
v  36.7111 2.7351 -5.4509
v  36.3701 2.3060 -5.4556
v  36.3169 2.4359 -5.6732
v  36.7137 2.6770 -5.2579
v  36.4342 2.1562 -5.2037
v  36.4045 2.0848 -4.9509
v  36.7475 2.5956 -5.1303
v  34.7793 1.0705 -4.1123
v  35.1066 1.1679 -4.1727
v  35.7457 1.7266 -4.5404
v  35.8657 1.6668 -4.5175
v  38.7621 3.2462 -2.8160
v  38.2886 3.0026 -3.6054
v  38.2777 3.1353 -3.5954
v  38.9033 3.4373 -2.5820
v  38.8184 3.4199 -2.8895
v  38.3400 3.1888 -3.6760
v  38.9071 5.0043 -5.6954
v  38.4384 4.2173 -5.5344
v  38.3412 4.2996 -5.5968
v  38.9622 5.3063 -5.8072
v  38.8111 5.0291 -5.8720
v  38.3386 4.2431 -5.7179
v  37.0768 4.5593 -7.4471
v  37.2236 3.9460 -6.7322
v  37.0852 3.9693 -6.7364
v  36.9087 4.7523 -7.6690
v  36.9060 4.4803 -7.4958
v  37.0452 3.8672 -6.7808
v  34.8079 2.3018 -6.6710
v  35.6799 2.4414 -6.2598
v  35.5770 2.4311 -6.1515
v  34.4614 2.2412 -6.6954
v  34.7372 2.1861 -6.5066
v  35.6030 2.3228 -6.0856
v  35.0152 1.1915 -4.3376
v  35.7589 1.6621 -4.6255
v  36.3379 2.0375 -4.7440
v  36.3464 2.1443 -4.7615
v  36.7452 1.9425 -3.9781
v  36.7006 1.8460 -4.0030
v  36.8262 1.8950 -3.9140
v  37.8464 2.9871 -4.2484
v  37.9387 2.9054 -4.1324
v  37.9785 3.0570 -4.1884
v  38.0639 3.7270 -5.4195
v  37.9003 3.6754 -5.4389
v  37.9834 3.7478 -5.5674
v  37.2584 3.5588 -6.2265
v  37.1588 3.4865 -6.1098
v  37.1141 3.4957 -6.2654
v  36.2199 2.5595 -5.9310
v  36.2665 2.5805 -5.7696
v  36.1574 2.4644 -5.7904
v  36.1415 1.9683 -4.7542
v  36.7762 2.7653 -5.0765
v  36.8023 2.7459 -4.9817
v  36.7405 2.9990 -4.9161
v  36.7236 3.0007 -4.9766
v  36.7508 2.8238 -5.1715
v  36.7052 3.0569 -5.0253
v  36.7646 2.8857 -5.2797
v  36.7170 3.0846 -5.0950
v  36.8199 2.9551 -5.3525
v  36.7515 3.1187 -5.1485
v  36.8720 3.0406 -5.3876
v  36.7849 3.1710 -5.1716
v  36.9480 3.1157 -5.3978
v  36.8319 3.2195 -5.1761
v  37.0482 3.1666 -5.3837
v  37.1519 3.2068 -5.3431
v  36.9589 3.2746 -5.1435
v  36.8937 3.2524 -5.1730
v  37.2279 3.2265 -5.2743
v  37.0072 3.2867 -5.0999
v  37.2950 3.2336 -5.1764
v  37.0367 3.2916 -5.0336
v  37.3358 3.1983 -5.0755
v  37.0735 3.2694 -4.9778
v  37.3166 3.1639 -4.9402
v  37.0599 3.2644 -4.8860
v  37.2762 3.1373 -4.8630
v  37.0322 3.2317 -4.8451
v  37.2659 3.0279 -4.7921
v  37.0141 3.1704 -4.8011
v  37.2222 2.9347 -4.7684
v  37.0021 3.1053 -4.7850
v  37.1495 2.8608 -4.7575
v  36.9594 3.0575 -4.7789
v  37.0592 2.8021 -4.7730
v  36.9016 3.0218 -4.7883
v  36.9591 2.7400 -4.7984
v  36.8397 3.0006 -4.8151
v  36.8817 2.7391 -4.8931
v  36.7902 2.9855 -4.8621
v  36.8649 3.0284 -4.8327
v  37.0287 3.2600 -4.9454
v  36.9573 3.1706 -4.8929
v  36.9907 3.2292 -4.9137
v  36.9353 3.1089 -4.8818
v  36.8994 3.0642 -4.8572
v  36.8225 3.0359 -4.8838
v  36.7757 3.0443 -4.9402
v  36.8589 3.0687 -4.9100
v  36.8148 3.0737 -4.9674
v  36.8973 3.1109 -4.9370
v  36.8564 3.1131 -4.9963
v  36.9210 3.1707 -4.9516
v  36.8827 3.1708 -5.0136
v  36.9543 3.2270 -4.9738
v  36.9164 3.2247 -5.0364
v  36.9924 3.2703 -5.0024
v  36.9596 3.2672 -5.0659
v  36.7371 3.0512 -4.9868
v  36.7467 3.0813 -5.0562
v  36.7916 3.1165 -5.0904
v  36.8200 3.1709 -5.1148
v  36.8526 3.2208 -5.1418
v  36.9201 3.2583 -5.1149
v  36.8499 3.1709 -5.0666
v  36.8835 3.2227 -5.0907
v  36.8219 3.1149 -5.0463
v  36.7780 3.0778 -5.0154
v  38.7138 12.2853 1.6716
v  38.2060 13.9243 -1.3197
v  37.4076 8.3697 5.1494
v  37.7560 8.9307 4.8862
v  38.5368 10.9652 3.2274
v  37.1724 14.5896 -3.7389
v  35.6471 14.6419 -6.0312
v  33.7619 13.9802 -7.8667
v  31.7137 12.7622 -9.1752
v  28.6051 1.1817 2.2109
v  27.1585 1.2967 -0.0533
v  30.4631 1.8096 4.0529
v  32.5609 3.0693 5.3762
v  34.5717 4.7607 5.9797
v  36.3717 6.7810 5.8245
v  26.5829 6.8729 -8.5528
v  25.7922 4.8513 -6.9261
v  37.0040 8.3953 4.7391
v  37.3356 8.9289 4.4886
v  38.0712 10.8461 2.9257
v  38.2384 12.0930 1.4559
v  37.7604 13.6363 -1.3608
v  36.7854 14.2639 -3.6427
v  35.3471 14.3130 -5.8048
v  33.5693 13.6889 -7.5359
v  31.6395 12.5411 -8.7688
v  29.7231 10.9694 -9.4001
v  29.7113 10.9559 -9.3985
v  27.3431 1.7293 -0.1697
v  28.7071 1.6209 1.9656
v  30.4601 2.2135 3.7040
v  32.4372 3.4010 4.9514
v  34.3326 4.9955 5.5204
v  36.0294 6.9002 5.3742
v  28.0514 9.0010 -9.1296
v  26.8010 6.9867 -8.1828
v  26.0557 5.0808 -6.6492
v  25.9053 3.4722 -4.6580
v  26.3630 2.3416 -2.4381
v  37.0874 8.8793 4.1802
v  36.7622 8.3708 4.4049
v  37.7766 10.6976 2.6849
v  37.9344 11.8808 1.2889
v  36.5639 13.9537 -3.5544
v  37.4907 13.3563 -1.3840
v  35.1945 13.9979 -5.6093
v  33.5060 13.4118 -7.2624
v  31.6719 12.2948 -8.4000
v  29.8522 10.8130 -9.0129
v  29.8338 10.8032 -9.0258
v  28.8768 1.9223 1.7836
v  27.5800 2.0280 -0.2501
v  30.5523 2.5075 3.4183
v  32.4277 3.6295 4.6076
v  34.2258 5.1450 5.1436
v  35.8350 6.9522 5.0036
v  28.2580 8.9474 -8.7705
v  27.0789 7.0339 -7.8588
v  26.3811 5.2296 -6.3962
v  26.2398 3.7063 -4.5090
v  26.6610 2.6237 -2.4074
v  33.0062 7.6259 -1.7301
v  32.9489 6.8041 -2.7889
v  32.9043 7.5425 -1.7671
v  32.9257 7.7002 -1.9569
v  32.9223 7.7385 -2.0150
v  32.9661 8.1099 -2.4473
v  33.0299 7.9197 -2.1003
v  32.8530 8.2704 -2.3963
v  32.7302 8.3112 -2.6659
v  32.5793 7.8060 -2.2485
v  32.4573 7.8466 -2.5007
v  32.3551 7.8856 -2.7167
v  32.2423 6.9929 -1.6631
v  32.1372 7.0412 -1.9035
v  32.5080 7.3758 -1.7670
v  32.6051 7.3774 -1.5981
v  32.7047 7.5134 -1.6152
v  32.7869 7.6321 -1.6364
v  32.2553 7.7536 -2.6987
v  32.2912 7.6059 -2.4439
v  32.3808 7.5599 -2.2395
v  32.3937 7.5139 -2.1561
v  32.2364 7.2958 -2.1048
v  32.7204 7.8720 -1.4072
v  32.9358 7.9504 -1.1896
v  32.8276 8.0706 -1.5226
v  32.8236 8.1585 -1.6500
v  32.9706 8.4687 -1.8519
v  32.8703 8.5486 -2.1073
v  32.6862 8.5076 -2.3211
v  32.5299 8.5748 -2.6339
v  32.3408 7.9877 -2.1323
v  32.1848 8.0486 -2.4316
v  32.0509 8.1037 -2.6914
v  31.9202 7.9498 -2.6702
v  31.9676 7.7686 -2.3624
v  32.0845 7.7091 -2.1190
v  32.1004 7.6532 -2.0201
v  31.8940 7.3936 -1.9521
v  31.7644 7.0836 -1.7018
v  31.9039 7.0238 -1.4140
v  32.2497 7.4814 -1.5601
v  32.3757 7.4794 -1.3686
v  32.5035 7.6358 -1.4008
v  32.6065 7.7697 -1.4358
v  34.8599 8.5183 1.5902
v  34.5897 8.2248 1.5938
v  35.1504 9.4875 0.6760
v  35.2274 10.1231 -0.0856
v  34.5654 11.3546 -2.7359
v  35.0790 11.0159 -1.5230
v  33.7887 11.3562 -3.8703
v  32.8663 11.0967 -4.8533
v  31.8547 10.2447 -5.1712
v  30.8669 9.5342 -5.6273
v  30.7907 9.5569 -5.7637
v  30.2387 4.5764 0.2797
v  29.5205 4.6593 -0.8810
v  31.2494 5.0979 1.0240
v  32.2500 5.6579 1.7144
v  33.2130 6.4938 1.9663
v  34.0691 7.4644 1.8788
v  29.9374 8.5520 -5.6255
v  29.3716 7.5047 -5.0157
v  29.0811 6.5728 -4.1627
v  29.0185 5.7832 -3.1696
v  29.1258 5.1121 -2.0849
v  39.0302 7.1204 3.1952
v  37.6470 8.8246 4.6029
v  38.6283 10.6156 2.9028
v  39.9823 8.8132 1.5735
v  38.9481 11.7755 1.3322
v  40.2914 9.9152 0.0837
v  38.6358 13.2632 -1.7014
v  37.6624 13.8786 -4.0884
v  39.0719 11.9067 -5.0739
v  39.9917 11.3265 -2.8063
v  36.0188 14.0587 -6.2411
v  37.6144 11.9439 -7.1606
v  34.1985 13.3772 -8.0372
v  35.7727 11.4339 -8.8296
v  32.0403 12.3185 -9.1840
v  33.7264 10.4267 -9.9180
v  29.9179 10.9529 -9.6947
v  31.6796 9.0215 -10.3120
v  29.9561 10.9440 -9.8299
v  29.8298 7.3490 -9.9669
v  28.1704 8.8951 -9.3790
v  27.2203 1.5795 -2.9431
v  27.0755 2.4338 -5.2988
v  25.9704 3.2071 -4.8038
v  26.4411 2.0453 -2.5271
v  30.4170 0.3917 -1.9275
v  28.1575 0.9956 -0.6183
v  29.6636 0.6311 1.3879
v  31.7300 0.2797 -0.0435
v  31.4980 1.1237 2.9725
v  33.4573 0.5384 1.2264
v  33.6541 2.2771 4.1515
v  35.1750 1.3807 2.1086
v  35.7047 3.6847 4.5511
v  36.9167 2.5743 2.4450
v  37.5567 5.3536 4.2193
v  38.4849 3.9953 2.1700
v  39.7103 5.4993 1.2900
v  40.5328 6.9307 -0.1007
v  40.8060 7.8641 -1.3608
v  39.7644 9.5806 -5.7265
v  40.5673 9.0757 -3.7773
v  38.5370 9.5985 -7.5078
v  36.9734 9.1681 -8.9248
v  35.2194 8.3218 -9.8439
v  33.4918 7.1139 -10.1843
v  31.9202 5.6930 -9.9100
v  28.3506 5.5811 -8.9510
v  30.6634 4.1992 -9.0386
v  27.4013 3.8965 -7.3412
v  29.8387 2.7722 -7.6525
v  29.5672 1.5217 -5.9156
v  29.7905 0.6823 -3.9682
v  33.3898 0.5417 -3.4413
v  34.0692 0.3682 -1.9675
v  35.1418 0.6441 -1.0224
v  36.3940 1.2495 -0.4281
v  37.7097 2.1216 -0.0414
v  38.6650 3.0517 -0.3906
v  39.3863 4.0470 -1.2323
v  40.0902 5.1849 -1.9788
v  40.3341 5.8364 -2.8302
v  39.4425 6.7467 -5.8954
v  40.1540 6.6335 -4.5521
v  38.7108 7.0087 -7.2050
v  37.6407 6.7102 -8.1751
v  36.4428 5.9261 -8.6107
v  35.1495 5.2711 -9.0686
v  34.0706 4.2691 -8.8799
v  33.2035 3.2348 -8.2772
v  32.8991 2.2735 -7.1683
v  32.4660 1.3983 -5.9298
v  32.6078 0.7169 -4.7067
v  36.1023 1.6700 -4.0130
v  35.9236 1.7012 -4.2033
v  34.8113 1.0760 -3.7322
v  35.1943 0.9700 -3.1272
v  36.1908 1.6529 -3.5328
v  36.3464 1.8385 -3.9940
v  35.7859 1.2398 -2.2754
v  36.2780 1.6780 -3.1918
v  36.8155 1.5941 -2.0056
v  36.6094 1.8125 -3.2351
v  37.0686 2.0490 -3.3578
v  36.8757 2.0421 -3.6200
v  37.6607 2.1518 -1.7870
v  37.5316 2.3612 -3.2580
v  38.3679 2.8094 -1.9315
v  37.9328 2.7222 -3.3135
v  38.6808 3.3204 -2.2994
v  38.0588 2.9226 -3.3986
v  38.4140 3.8164 -3.9141
v  38.2489 3.4773 -3.6488
v  38.9079 3.8218 -2.5625
v  39.3334 4.4428 -2.9699
v  39.5951 4.8892 -3.5457
v  38.5940 4.0339 -4.3473
v  39.0504 5.4152 -5.4475
v  39.4474 5.3296 -4.8050
v  38.5935 4.2253 -5.0081
v  38.4647 4.2918 -5.2268
v  37.9608 4.3739 -6.1517
v  38.1049 4.3820 -5.8893
v  38.7255 5.4991 -6.0461
v  38.3997 5.5828 -6.7185
v  37.6940 5.3901 -7.3591
v  37.5940 4.2725 -6.4827
v  37.0717 5.0513 -7.5498
v  37.3379 4.1792 -6.5857
v  36.4529 3.7009 -6.8381
v  36.7176 3.8795 -6.7685
v  36.5094 4.7634 -7.7287
v  35.8812 4.3944 -7.9789
v  35.1457 3.7037 -7.8474
v  36.0304 3.2959 -6.7557
v  34.5777 2.9757 -7.4540
v  35.7409 2.8645 -6.5621
v  34.3944 2.5446 -6.9050
v  35.6392 2.7113 -6.3844
v  35.3777 2.0624 -5.5341
v  35.4085 2.2944 -5.8160
v  34.1990 2.1600 -6.3928
v  34.0032 1.6442 -5.8105
v  34.4709 1.1603 -4.3454
v  34.1594 1.2093 -4.9521
v  35.5538 1.8047 -4.8563
v  35.4892 1.8277 -5.0923
v  36.5497 2.2271 -4.4914
v  36.5162 2.2136 -4.5043
v  36.5138 2.6097 -4.8217
v  36.6325 2.5742 -4.6792
v  36.5407 2.1601 -4.3781
v  36.7903 2.5994 -4.4719
v  37.1142 2.4525 -4.1209
v  36.9971 2.3409 -4.0643
v  37.0236 2.7349 -4.4227
v  37.3415 2.6140 -4.0843
v  37.1500 2.8292 -4.4063
v  37.5393 2.7813 -4.0997
v  37.2599 2.9273 -4.4171
v  37.5953 2.8315 -4.0827
v  37.3442 3.0570 -4.4471
v  37.7504 3.4591 -4.4715
v  37.7162 3.2575 -4.2616
v  37.4005 3.3437 -4.6425
v  37.8846 3.5807 -4.7793
v  37.4739 3.4463 -4.8860
v  37.9358 3.6505 -5.0577
v  37.9408 3.6839 -5.0921
v  37.5044 3.4842 -5.0403
v  37.4347 3.5369 -5.2113
v  37.5633 3.7294 -5.7159
v  37.6413 3.7656 -5.6329
v  37.2947 3.5287 -5.4095
v  37.4083 3.6887 -5.8588
v  37.1887 3.5014 -5.5107
v  37.3428 3.6871 -5.9258
v  37.0143 3.4426 -5.6022
v  36.7203 3.3620 -6.0516
v  36.8318 3.4590 -6.0709
v  36.7791 3.3075 -5.6272
v  36.4860 3.1293 -5.9975
v  36.6119 3.1433 -5.5955
v  36.3491 2.9039 -5.9241
v  36.5276 3.0069 -5.5452
v  36.3072 2.8676 -5.9233
v  36.4361 2.8795 -5.4239
v  36.1213 2.5434 -5.4591
v  36.1593 2.4537 -5.2967
v  36.4044 2.7395 -5.1864
v  36.1992 2.3244 -5.1154
v  36.1664 2.2764 -5.0263
v  36.4457 2.6524 -5.0303
v  34.6727 1.3197 -4.0083
v  35.1161 1.3274 -3.9051
v  35.6077 1.9705 -4.4607
v  35.9203 1.7726 -4.2150
v  38.4672 3.2164 -2.6605
v  38.0101 2.9284 -3.4254
v  38.0003 3.2305 -3.4810
v  38.6204 3.5437 -2.4954
v  38.6110 3.6361 -2.8724
v  38.1566 3.4224 -3.6582
v  38.7998 5.0721 -5.4018
v  38.3785 4.2840 -5.2243
v  38.0993 4.4287 -5.4590
v  38.7093 5.4146 -5.6626
v  38.5159 5.1514 -5.9153
v  38.0537 4.3648 -5.8284
v  37.1102 4.7654 -7.2229
v  37.3053 4.1660 -6.5289
v  36.9296 4.1292 -6.5356
v  36.7498 4.8927 -7.4517
v  36.6167 4.5294 -7.3616
v  36.7296 3.8883 -6.6887
v  34.7785 2.6011 -6.6872
v  35.6573 2.7413 -6.3267
v  35.4658 2.6638 -6.0167
v  34.3702 2.4729 -6.5435
v  34.5991 2.2930 -6.2494
v  35.4495 2.3795 -5.8107
v  34.8191 1.4063 -4.4681
v  35.5563 1.8466 -4.8079
v  36.4309 2.0863 -4.4248
v  36.2300 2.3571 -4.5972
v  36.5746 2.1659 -3.8945
v  36.3985 1.9542 -4.0592
v  36.8833 2.1373 -3.7385
v  37.5854 3.0747 -4.0964
v  37.6655 2.8203 -3.9471
v  37.7868 3.2791 -4.1447
v  38.0151 3.8031 -5.1106
v  37.6766 3.8456 -5.3323
v  37.7047 3.8771 -5.6835
v  37.3467 3.7856 -6.0336
v  36.9843 3.6681 -5.9532
v  36.7984 3.5265 -6.1809
v  36.1905 2.8572 -6.0100
v  36.1085 2.7928 -5.6441
v  35.9937 2.5231 -5.5226
v  35.9345 2.1487 -4.9363
v  36.5058 2.6720 -4.8319
v  36.4477 2.7060 -5.0075
v  36.4567 3.0299 -4.7608
v  36.4021 2.9640 -4.8806
v  36.4121 2.7882 -5.1638
v  36.4191 3.1663 -4.9525
v  36.4413 2.9291 -5.3644
v  36.4352 3.2278 -5.1199
v  36.5277 3.0469 -5.4884
v  36.4661 3.2542 -5.2113
v  36.6126 3.1721 -5.5489
v  36.5154 3.3287 -5.2358
v  36.7716 3.3267 -5.5718
v  36.6250 3.4389 -5.2513
v  36.9559 3.4344 -5.5274
v  36.9189 3.5677 -5.2420
v  37.1211 3.4983 -5.4581
v  36.7785 3.5210 -5.2794
v  37.2429 3.5285 -5.3570
v  37.0034 3.5889 -5.1679
v  37.3581 3.5361 -5.1746
v  37.0623 3.5922 -5.0111
v  37.4330 3.4844 -5.0077
v  37.1626 3.5650 -4.9462
v  37.4272 3.4395 -4.8470
v  37.0828 3.5379 -4.7693
v  37.3765 3.3373 -4.6404
v  36.9628 3.4225 -4.6257
v  37.2813 3.1176 -4.4809
v  36.9119 3.2737 -4.5234
v  37.2042 2.9744 -4.4413
v  36.9052 3.1665 -4.4844
v  37.1059 2.8769 -4.4287
v  36.8549 3.1333 -4.4877
v  36.9798 2.7897 -4.4483
v  36.7705 3.0831 -4.5030
v  36.7793 2.7179 -4.5193
v  36.6484 3.0389 -4.5585
v  36.6248 2.6611 -4.6848
v  36.5532 2.9740 -4.6319
v  36.7206 3.2310 -4.6766
v  36.9388 3.5358 -4.9049
v  36.7823 3.4184 -4.8165
v  36.7021 3.2686 -4.7416
v  36.7076 3.2355 -4.7205
v  36.7362 3.2600 -4.7095
v  36.6662 3.2302 -4.7267
v  36.6106 3.2454 -4.8033
v  36.7091 3.2830 -4.7788
v  36.6805 3.3061 -4.8551
v  36.6773 3.2574 -4.7887
v  36.6455 3.2787 -4.8617
v  36.6700 3.2834 -4.8089
v  36.6360 3.2962 -4.8788
v  36.7423 3.4048 -4.8608
v  36.7002 3.4054 -4.9361
v  36.8747 3.5218 -4.9165
v  36.8180 3.5224 -5.0324
v  36.5616 3.2170 -4.8106
v  36.6440 3.3358 -4.9615
v  36.6067 3.3110 -4.9664
v  36.5898 3.3213 -4.9870
v  36.6609 3.4281 -5.0547
v  36.7672 3.5083 -5.0855
v  36.6749 3.4133 -4.9969
v  36.6140 3.3083 -4.9299
v  36.6294 3.2960 -4.9103
v  36.6679 3.3228 -4.9051
v  38.6522 12.0485 1.4880
v  38.1519 13.6466 -1.4261
v  37.7614 8.7866 4.6084
v  37.3840 8.2893 4.8338
v  38.4917 10.7756 2.9859
v  37.1483 14.2903 -3.7686
v  35.6747 14.3417 -5.9902
v  33.8484 13.6997 -7.7663
v  31.8597 12.5149 -9.0430
v  27.4522 1.4119 -0.1905
v  28.8537 1.2929 2.0024
v  30.6451 1.9027 3.7793
v  32.6775 3.1306 5.0634
v  34.6216 4.7734 5.6479
v  36.3596 6.7341 5.4972
v  26.8875 6.8215 -8.4117
v  26.1237 4.8611 -6.8421
v  37.2081 8.2446 4.5757
v  37.5352 8.7736 4.3255
v  38.2679 10.6838 2.7680
v  38.4333 11.9236 1.3054
v  37.9558 13.4609 -1.5017
v  36.9848 14.0849 -3.7730
v  35.5524 14.1327 -5.9240
v  33.7829 13.5110 -7.6462
v  31.8614 12.3677 -8.8732
v  29.9546 10.8036 -9.5002
v  29.9470 10.7964 -9.5023
v  27.5853 1.6064 -0.3144
v  28.9430 1.4978 1.8116
v  30.6872 2.0865 3.5423
v  32.6566 3.2689 4.7853
v  34.5446 4.8569 5.3525
v  36.2349 6.7540 5.2071
v  28.2925 8.8462 -9.2311
v  27.0478 6.8414 -8.2888
v  26.3058 4.9445 -6.7632
v  26.1555 3.3433 -4.7823
v  26.6101 2.2173 -2.5734
v  37.3093 8.7278 4.0413
v  36.9838 8.2193 4.2654
v  37.9984 10.5460 2.5460
v  38.1564 11.7294 1.1499
v  36.7857 13.8022 -3.6934
v  37.7126 13.2048 -1.5229
v  35.4164 13.8464 -5.7483
v  33.7278 13.2602 -7.4013
v  31.8938 12.1434 -8.5390
v  30.0719 10.6584 -9.1510
v  30.0538 10.6506 -9.1658
v  29.0985 1.7706 1.6447
v  27.8019 1.8765 -0.3890
v  30.7740 2.3557 3.2794
v  32.6495 3.4778 4.4689
v  34.4477 4.9932 5.0050
v  36.0569 6.8006 4.8649
v  28.4798 8.7959 -8.9095
v  27.3006 6.8824 -7.9980
v  26.6026 5.0779 -6.5355
v  26.4613 3.5545 -4.6481
v  26.8828 2.4720 -2.5463
v  32.9664 7.3170 -1.5264
v  33.0532 6.5964 -2.9690
v  33.3118 7.5756 -1.5906
v  33.2562 7.7944 -1.9829
v  33.2489 7.7337 -1.9146
v  33.3616 7.9199 -2.0209
v  33.1791 8.2304 -2.6885
v  33.0896 8.4441 -2.5791
v  32.8009 8.3917 -2.9911
v  32.5123 7.9434 -2.5580
v  32.7144 8.0568 -2.5886
v  32.4991 8.0523 -2.9831
v  31.9400 6.8166 -2.0365
v  32.3321 6.7435 -1.4734
v  32.5268 7.1283 -1.5437
v  32.6827 7.1367 -1.3854
v  32.9361 7.4056 -1.3898
v  32.9468 7.4791 -1.3778
v  32.0838 7.6508 -2.9685
v  32.0447 7.3771 -2.4656
v  32.1293 7.3348 -2.2571
v  32.1400 7.4236 -2.3687
v  32.0317 7.2841 -2.3820
v  32.8488 7.6103 -1.2956
v  33.1728 7.7729 -1.2520
v  33.1537 8.0746 -1.5956
v  33.1496 8.1043 -1.6362
v  33.2785 8.4026 -1.9236
v  33.1593 8.5500 -2.2672
v  32.9670 8.5694 -2.4995
v  32.7263 8.4698 -2.8492
v  32.4321 8.0448 -2.4544
v  32.4842 8.1406 -2.5696
v  32.2820 8.0897 -2.9213
v  32.0084 7.7845 -2.9074
v  31.9797 7.5043 -2.4922
v  32.0587 7.4334 -2.2307
v  32.0524 7.4895 -2.2847
v  31.9276 7.2616 -2.2336
v  31.8364 6.8537 -1.8683
v  32.0997 6.8026 -1.4494
v  32.3940 7.2323 -1.4310
v  32.5689 7.2501 -1.3703
v  32.7721 7.4842 -1.3045
v  32.8457 7.5910 -1.3146
v  35.0880 8.3682 1.4586
v  34.8196 8.0702 1.4719
v  35.3825 9.3414 0.5451
v  35.4595 9.9787 -0.2189
v  34.7945 11.2129 -2.8775
v  35.3094 10.8728 -1.6607
v  34.0159 11.2151 -4.0154
v  33.0895 10.9526 -5.0000
v  32.0743 10.1022 -5.3249
v  31.1098 9.4203 -5.7811
v  30.9991 9.3954 -5.9076
v  30.4560 4.4164 0.1463
v  29.7344 4.4981 -1.0180
v  31.4689 4.9359 0.8967
v  32.4722 5.4996 1.5858
v  33.4383 6.3377 1.8392
v  34.2969 7.3110 1.7517
v  30.1529 8.4016 -5.7748
v  29.5845 7.3509 -5.1642
v  29.2931 6.4164 -4.3089
v  29.2298 5.6245 -3.3136
v  29.3377 4.9517 -2.2257
# 834 vertices

vn 0.7138 0.3712 0.5939
vn 0.5542 0.2034 0.8071
vn 0.7927 -0.0962 0.6019
vn 0.8940 0.1117 0.4338
vn 0.7556 0.5447 0.3638
vn 0.9304 0.2938 0.2191
vn 0.7810 0.5165 -0.3512
vn 0.6088 0.7634 -0.2157
vn 0.7176 0.6924 0.0748
vn 0.8936 0.4443 -0.0642
vn 0.6128 0.5122 -0.6017
vn 0.4180 0.7779 -0.4693
vn 0.4010 0.4355 -0.8060
vn 0.2130 0.6867 -0.6951
vn 0.1691 0.2937 -0.9408
vn -0.0204 0.5558 -0.8310
vn -0.0629 0.1006 -0.9929
vn -0.7024 0.5262 -0.4794
vn -0.2731 -0.1156 -0.9550
vn -0.8806 0.4410 -0.1735
vn -0.3776 -0.0034 -0.9260
vn -0.6680 -0.6446 -0.3717
vn -0.5475 -0.7289 -0.4110
vn -0.5062 -0.8499 -0.1463
vn -0.6096 -0.7849 -0.1111
vn -0.2706 -0.9178 0.2906
vn -0.4159 -0.9080 0.0508
vn -0.1473 -0.9874 -0.0585
vn -0.0137 -0.9972 0.0734
vn 0.1586 -0.9512 0.2649
vn -0.0418 -0.8455 0.5323
vn 0.3490 -0.8400 0.4154
vn 0.1866 -0.7131 0.6758
vn 0.5442 -0.6907 0.4762
vn 0.4130 -0.5371 0.7355
vn 0.7346 -0.5144 0.4425
vn 0.6248 -0.3208 0.7119
vn 0.8741 -0.3439 0.3429
vn 0.9598 -0.1768 0.2178
vn 0.9990 -0.0128 0.0427
vn 0.8787 0.1702 -0.4461
vn 0.9702 0.1187 -0.2110
vn 0.7295 0.1810 -0.6596
vn 0.5416 0.1048 -0.8341
vn 0.3560 -0.0136 -0.9344
vn 0.1523 -0.1623 -0.9749
vn -0.0254 -0.3424 -0.9392
vn -0.1527 -0.5359 -0.8304
vn -0.4268 -0.3364 -0.8394
vn -0.2151 -0.7010 -0.6800
vn -0.5200 -0.5478 -0.6554
vn -0.2432 -0.8387 -0.4873
vn -0.2258 -0.9493 -0.2189
vn 0.1504 -0.9680 -0.2010
vn 0.1648 -0.9834 -0.0765
vn 0.3444 -0.9385 0.0223
vn 0.4592 -0.8838 0.0901
vn 0.6305 -0.7563 0.1746
vn 0.7848 -0.6059 0.1299
vn 0.8406 -0.5414 0.0144
vn 0.8875 -0.4607 -0.0112
vn 0.9328 -0.3377 -0.1259
vn 0.8435 -0.2366 -0.4821
vn 0.9126 -0.2052 -0.3536
vn 0.7684 -0.1862 -0.6123
vn 0.5877 -0.2373 -0.7735
vn 0.4962 -0.3540 -0.7928
vn 0.3728 -0.4039 -0.8354
vn 0.2312 -0.5356 -0.8122
vn 0.1069 -0.6840 -0.7216
vn 0.1078 -0.7938 -0.5986
vn 0.0647 -0.8457 -0.5297
vn 0.0767 -0.9402 -0.3319
vn 0.1756 -0.8149 -0.5524
vn 0.1367 -0.6816 -0.7188
vn 0.4556 -0.8200 -0.3463
vn 0.3700 -0.9008 -0.2273
vn 0.6440 -0.7585 -0.0996
vn 0.7471 -0.6589 -0.0883
vn 0.4657 -0.8739 -0.1393
vn 0.4748 -0.8576 -0.1979
vn 0.2909 -0.8890 -0.3535
vn 0.4669 -0.8745 -0.1316
vn 0.2347 -0.8600 -0.4532
vn 0.5003 -0.8200 -0.2779
vn 0.6178 -0.7813 -0.0888
vn 0.6039 -0.7559 -0.2530
vn 0.7473 -0.6551 -0.1111
vn 0.7094 -0.6471 -0.2793
vn 0.8665 -0.3974 -0.3021
vn 0.8526 -0.2630 -0.4515
vn 0.6970 -0.6998 -0.1566
vn 0.6543 -0.7187 -0.2354
vn 0.6788 -0.6974 -0.2301
vn 0.7556 -0.6313 -0.1749
vn 0.7956 -0.5743 -0.1928
vn 0.6621 -0.7334 -0.1543
vn 0.6120 -0.4038 -0.6800
vn 0.8012 -0.4383 -0.4074
vn 0.6847 -0.6094 -0.3999
vn 0.4535 -0.4658 -0.7598
vn 0.8574 -0.4614 -0.2278
vn 0.8357 -0.5462 -0.0570
vn 0.6898 -0.5768 -0.4376
vn 0.7459 -0.4118 -0.5235
vn 0.5774 -0.4683 -0.6688
vn 0.5381 -0.6169 -0.5743
vn 0.3087 -0.6334 -0.7096
vn 0.1867 -0.7406 -0.6455
vn 0.7020 -0.4111 -0.5815
vn 0.7877 -0.4069 -0.4625
vn 0.5513 -0.6188 -0.5596
vn 0.4982 -0.5354 -0.6820
vn 0.4014 -0.6244 -0.6701
vn 0.5154 -0.6419 -0.5677
vn 0.3059 -0.7300 -0.6112
vn 0.4481 -0.7256 -0.5223
vn 0.2314 -0.9062 -0.3539
vn 0.2741 -0.9408 -0.1996
vn 0.3424 -0.6527 -0.6758
vn 0.4587 -0.5271 -0.7154
vn 0.4179 -0.7377 -0.5303
vn 0.2433 -0.8058 -0.5399
vn 0.4723 -0.8811 -0.0246
vn 0.2897 -0.8902 -0.3516
vn 0.5609 -0.8269 0.0404
vn 0.4493 -0.8233 -0.3467
vn 0.1322 -0.5395 -0.8315
vn 0.5918 -0.6276 -0.5058
vn 0.7388 -0.4277 -0.5208
vn 0.7819 -0.2114 -0.5864
vn 0.8694 -0.4856 -0.0913
vn 0.6099 -0.4862 -0.6258
vn 0.1457 -0.7982 -0.5845
vn 0.4749 -0.6981 -0.5358
vn 0.3985 -0.4245 -0.8130
vn 0.5446 -0.6677 -0.5076
vn 0.3920 -0.4607 -0.7963
vn 0.6105 -0.5673 -0.5527
vn 0.3765 -0.4502 -0.8097
vn 0.7729 -0.1933 -0.6043
vn 0.4488 -0.4924 -0.7457
vn 0.5688 -0.7576 -0.3203
vn 0.6011 -0.7011 -0.3835
vn 0.2396 -0.7933 -0.5596
vn 0.4740 -0.8704 -0.1332
vn 0.1738 -0.9585 -0.2261
vn 0.4687 -0.7882 -0.3989
vn 0.2919 -0.5606 -0.7749
vn 0.1733 -0.9343 -0.3117
vn 0.3181 -0.8993 -0.3000
vn 0.7318 -0.6815 0.0046
vn 0.5767 -0.7721 -0.2670
vn 0.3103 -0.9455 -0.0987
vn 0.4335 -0.8129 -0.3889
vn 0.3137 -0.9461 -0.0807
vn 0.0949 -0.8502 -0.5178
vn 0.4343 -0.8884 -0.1487
vn 0.7939 -0.5222 -0.3115
vn 0.6250 -0.7043 -0.3366
vn 0.6188 -0.7852 0.0236
vn 0.6622 -0.6501 -0.3728
vn 0.7820 -0.6232 -0.0060
vn 0.6357 -0.7052 -0.3140
vn 0.8190 -0.5737 -0.0061
vn 0.3681 -0.9288 -0.0419
vn 0.7993 -0.5813 -0.1522
vn 0.6250 -0.6033 -0.4953
vn 0.5896 -0.4880 -0.6436
vn 0.9004 -0.3449 -0.2654
vn 0.6894 -0.6514 -0.3169
vn 0.7034 -0.7003 0.1217
vn 0.8832 -0.3235 -0.3396
vn 0.3623 -0.8601 -0.3591
vn 0.0619 -0.6237 -0.7792
vn 0.4473 -0.8495 -0.2798
vn -0.0744 -0.4590 -0.8853
vn 0.8715 -0.0508 -0.4878
vn 0.8273 0.1086 -0.5512
vn 0.8148 -0.4191 -0.4005
vn 0.8246 -0.4656 -0.3213
vn 0.6131 -0.7770 -0.1428
vn 0.5522 -0.8209 -0.1460
vn 0.3612 -0.3716 -0.8552
vn 0.2344 -0.3616 -0.9024
vn 0.7077 -0.5553 -0.4367
vn 0.7382 -0.4954 -0.4579
vn 0.8594 -0.5099 0.0378
vn 0.8390 -0.4926 0.2313
vn 0.0073 -0.7483 -0.6633
vn -0.1207 -0.7811 -0.6127
vn 0.5034 -0.6271 -0.5944
vn 0.5054 -0.5783 -0.6405
vn 0.8444 -0.3143 -0.4339
vn 0.9230 -0.2175 -0.3174
vn 0.1695 -0.9838 -0.0591
vn 0.1481 -0.9860 0.0766
vn 0.3760 -0.8139 -0.4429
vn 0.3269 -0.8125 -0.4826
vn 0.4423 -0.4900 -0.7512
vn 0.4834 -0.3419 -0.8059
vn 0.5949 -0.7605 0.2600
vn 0.6156 -0.6603 0.4302
vn -0.2108 -0.2611 -0.9420
vn 0.3716 -0.7606 -0.5323
vn 0.5392 -0.7887 -0.2952
vn 0.8828 -0.4631 0.0784
vn -0.0507 -0.8407 -0.5391
vn 0.7732 -0.3957 -0.4956
vn 0.8118 0.1497 -0.5645
vn 0.5724 -0.7923 -0.2110
vn 0.2051 -0.3879 -0.8986
vn 0.6608 -0.6643 -0.3493
vn 0.8218 -0.5138 0.2463
vn -0.1383 -0.7982 -0.5863
vn 0.5522 -0.6806 -0.4815
vn 0.9221 -0.2471 -0.2978
vn 0.1639 -0.9805 0.1088
vn 0.4913 -0.7609 -0.4239
vn 0.5095 -0.3492 -0.7864
vn 0.6282 -0.6487 0.4297
vn 0.9692 0.0828 -0.2317
vn 0.8785 0.1127 -0.4643
vn 0.8466 -0.2058 -0.4908
vn 0.9479 -0.0042 -0.3184
vn 0.9981 0.0090 -0.0603
vn 0.8668 -0.4299 -0.2526
vn 0.9525 -0.2397 0.1880
vn 0.8476 -0.5305 0.0112
vn 0.8631 -0.3845 0.3273
vn 0.8429 -0.5255 0.1156
vn 0.7722 -0.5054 0.3850
vn 0.7935 -0.5967 0.1197
vn 0.5440 -0.7394 0.3967
vn 0.6199 -0.7726 0.1371
vn 0.3193 -0.8997 0.2978
vn 0.1602 -0.9635 0.2145
vn 0.1852 -0.9671 0.1746
vn 0.3782 -0.9027 0.2053
vn 0.0436 -0.9910 0.1269
vn 0.0918 -0.9918 0.0885
vn -0.0730 -0.9927 -0.0964
vn 0.0185 -0.9890 -0.1468
vn -0.1653 -0.9502 -0.2643
vn -0.1423 -0.9748 -0.1716
vn -0.2016 -0.9217 -0.3314
vn 0.0170 -0.9178 -0.3967
vn -0.1761 -0.7234 -0.6676
vn 0.2514 -0.7087 -0.6592
vn 0.0288 -0.4188 -0.9076
vn 0.3386 -0.4659 -0.8175
vn 0.1074 -0.2644 -0.9584
vn 0.3153 -0.3382 -0.8867
vn 0.1762 -0.1896 -0.9659
vn 0.3386 -0.3706 -0.8649
vn 0.2731 -0.0970 -0.9571
vn 0.4171 -0.3169 -0.8518
vn 0.5511 -0.0812 -0.8305
vn 0.5870 -0.2419 -0.7726
vn 0.7657 0.1274 -0.6305
vn 0.7131 -0.0936 -0.6948
vn 0.4549 -0.7456 -0.4869
vn 0.3202 -0.9251 -0.2042
vn 0.7438 -0.4644 -0.4807
vn 0.6157 -0.7086 -0.3447
vn 0.6715 -0.5421 -0.5051
vn 0.5016 -0.7283 -0.4668
vn 0.4853 -0.7236 -0.4909
vn 0.5086 -0.7399 -0.4402
vn 0.4678 -0.7741 -0.4264
vn 0.4295 -0.8190 -0.3805
vn 0.6503 -0.5955 -0.4716
vn 0.6249 -0.6472 -0.4366
vn 0.7309 -0.5062 -0.4577
vn 0.7181 -0.5417 -0.4369
vn 0.6247 -0.6806 -0.3828
vn 0.6353 -0.6879 -0.3510
vn 0.3896 -0.8651 -0.3159
vn 0.4475 -0.8746 -0.1867
vn 0.5425 -0.6399 -0.5442
vn 0.3527 -0.8731 -0.3364
vn 0.5577 -0.7218 -0.4098
vn 0.6729 -0.6093 -0.4195
vn 0.5733 -0.7551 -0.3180
vn 0.4760 -0.8617 -0.1758
vn 0.6884 -0.5750 -0.4421
vn 0.6153 -0.7134 -0.3354
vn 0.5773 -0.6883 -0.4393
vn 0.3705 -0.8498 -0.3750
vn 0.6288 0.6538 0.4210
vn 0.5903 0.7942 0.1438
vn 0.6198 -0.0890 0.7797
vn 0.3506 0.3868 0.8529
vn 0.5807 0.4923 0.6484
vn 0.4874 0.8635 -0.1296
vn 0.2917 0.8809 -0.3728
vn 0.0967 0.7935 -0.6009
vn -0.1224 0.6764 -0.7263
vn -0.3980 -0.8194 0.4126
vn -0.5108 -0.8495 0.1321
vn -0.1453 -0.7522 0.6428
vn 0.0974 -0.6306 0.7700
vn 0.3345 -0.4399 0.8335
vn 0.5503 -0.2119 0.8077
vn -0.5392 -0.2301 -0.8101
vn -0.6389 -0.4548 -0.6205
vn -0.6058 0.6126 0.5077
vn -0.5476 0.6065 0.5765
vn -0.5355 0.6290 0.5635
vn -0.5942 0.6245 0.5068
vn -0.5182 0.6658 0.5368
vn -0.5868 0.6427 0.4926
vn -0.5103 0.6981 0.5022
vn -0.5819 0.6606 0.4743
vn -0.5832 0.6758 0.4506
vn -0.5128 0.7286 0.4541
vn -0.5286 0.7471 0.4030
vn -0.5926 0.6844 0.4249
vn -0.5580 0.7514 0.3522
vn -0.6072 0.6876 0.3981
vn -0.5967 0.7419 0.3058
vn -0.6278 0.6815 0.3760
vn -0.6395 0.7183 0.2740
vn -0.6491 0.6698 0.3605
vn -0.6906 0.6761 0.2568
vn -0.6732 0.6517 0.3494
vn -0.6842 0.6351 0.3586
vn -0.7073 0.5347 0.4623
vn -0.7542 0.4504 0.4779
vn -0.7175 0.4592 0.5238
vn -0.6907 0.5356 0.4859
vn -0.6753 0.4793 0.5606
vn -0.6676 0.5469 0.5052
vn -0.6351 0.5082 0.5817
vn -0.6468 0.5615 0.5161
vn -0.5976 0.5439 0.5891
vn -0.6271 0.5796 0.5205
vn -0.5646 0.5836 0.5837
vn -0.6097 0.6001 0.5177
vn -0.7392 0.6222 0.2578
vn -0.7008 0.6205 0.3520
vn -0.7722 0.5705 0.2797
vn -0.7172 0.5947 0.3633
vn -0.7908 0.5218 0.3200
vn -0.7266 0.5702 0.3833
vn -0.7924 0.4824 0.3733
vn -0.7275 0.5501 0.4100
vn -0.7200 0.5380 0.4383
vn -0.7786 0.4580 0.4291
vn -0.6509 0.6138 0.4467
vn -0.6501 0.6136 0.4481
vn -0.6509 0.6140 0.4465
vn -0.6511 0.6134 0.4469
vn -0.6509 0.6138 0.4468
vn -0.6507 0.6138 0.4470
vn -0.6508 0.6140 0.4467
vn -0.6510 0.6134 0.4471
vn -0.6464 0.6202 0.4444
vn -0.6476 0.6153 0.4495
vn -0.6505 0.6141 0.4469
vn -0.6510 0.6136 0.4469
vn -0.6503 0.6144 0.4468
vn -0.6507 0.6145 0.4460
vn -0.6508 0.6144 0.4461
vn -0.6512 0.6140 0.4460
vn -0.6505 0.6139 0.4471
vn -0.6504 0.6139 0.4473
vn -0.6499 0.6143 0.4475
vn -0.6499 0.6147 0.4469
vn -0.6507 0.6142 0.4465
vn -0.9129 0.2276 -0.3388
vn -0.3478 0.7232 0.5967
vn -0.2266 0.7527 -0.6181
vn -0.9698 -0.2253 0.0933
vn -0.9633 0.0978 -0.2500
vn -0.6339 -0.2933 0.7156
vn -0.9783 0.0861 -0.1885
vn -0.6764 -0.5020 0.5389
vn -0.2496 -0.1769 0.9520
vn 0.2180 -0.4005 0.8900
vn -0.7143 -0.6618 0.2274
vn -0.4204 -0.4866 0.7658
vn -0.3376 0.8115 -0.4770
vn 0.4638 0.7678 0.4419
vn -0.1154 0.8245 -0.5539
vn -0.2886 0.7961 -0.5319
vn -0.6924 0.3975 -0.6021
vn -0.8699 -0.3943 -0.2963
vn 0.4203 0.4034 0.8128
vn 0.6418 0.7589 0.1105
vn 0.6661 0.7398 0.0949
vn 0.7009 0.3174 0.6387
vn 0.5743 0.0711 0.8156
vn -0.4002 0.8838 -0.2424
vn -0.6907 0.6783 0.2505
vn -0.9634 0.0929 0.2515
vn -0.9605 0.2782 0.0090
vn -0.9068 0.3413 0.2472
vn -0.8598 0.1125 0.4981
vn -0.8340 -0.1002 0.5426
vn -0.5804 0.4799 0.6579
vn -0.3041 -0.1220 0.9448
vn -0.8816 -0.2233 0.4158
vn -0.6718 0.1958 0.7143
vn -0.3000 0.6524 0.6960
vn -0.1061 0.9021 0.4182
vn 0.0021 0.9293 0.3694
vn 0.0881 0.5890 0.8033
vn -0.1377 0.5506 0.8234
vn -0.2710 0.8162 0.5103
vn -0.5795 0.7928 0.1888
vn -0.4702 0.8225 -0.3200
vn -0.5678 0.8176 0.0953
vn -0.7864 0.5754 -0.2248
vn -0.7090 0.6424 -0.2910
vn -0.6667 0.6099 0.4284
vn -0.6715 0.6213 0.4039
vn -0.6779 0.5988 0.4265
vn -0.6781 0.5942 0.4325
vn -0.6705 0.5869 0.4538
vn -0.6741 0.5907 0.4435
vn -0.6657 0.5854 0.4629
vn -0.6549 0.5942 0.4670
vn -0.6460 0.5901 0.4842
vn -0.7117 0.5077 0.4855
vn -0.6161 0.6399 0.4593
vn -0.6388 0.6361 0.4328
vn -0.6298 0.6390 0.4416
vn -0.6441 0.6408 0.4178
vn -0.6513 0.6312 0.4212
vn -0.6592 0.6256 0.4172
vn -0.6659 0.6185 0.4172
vn -0.6349 0.6113 0.4725
vn -0.6279 0.6201 0.4704
vn -0.6254 0.6270 0.4645
vn -0.6236 0.6327 0.4591
vn -0.6249 0.6371 0.4512
vn -0.7981 0.0972 -0.5946
vn -0.7511 0.5779 0.3192
vn -0.7901 -0.2876 -0.5414
vn -0.8940 -0.1117 -0.4339
vn -0.7989 -0.4989 -0.3360
vn -0.9304 -0.2937 -0.2195
vn -0.7454 -0.6643 -0.0560
vn -0.6336 -0.7372 0.2347
vn -0.7808 -0.5166 0.3513
vn -0.8935 -0.4444 0.0642
vn -0.4517 -0.7435 0.4931
vn -0.6129 -0.5122 0.6016
vn -0.2458 -0.6522 0.7171
vn -0.4008 -0.4355 0.8060
vn -0.0519 -0.4982 0.8655
vn -0.1691 -0.2938 0.9408
vn -0.7699 0.3317 0.5452
vn 0.0515 -0.0930 0.9943
vn -0.3516 -0.5361 -0.7674
vn 0.2593 0.1327 0.9567
vn 0.8189 -0.4748 0.3224
vn 0.4800 0.8628 0.1586
vn 0.5298 0.7396 0.4151
vn 0.9982 0.0341 -0.0502
vn 0.9576 0.1534 -0.2440
vn 0.1473 0.9874 0.0585
vn 0.3882 0.9210 -0.0339
vn 0.2560 0.9263 -0.2764
vn 0.0136 0.9973 -0.0722
vn 0.0275 0.8551 -0.5177
vn -0.1588 0.9511 -0.2650
vn -0.1992 0.7243 -0.6600
vn -0.3491 0.8400 -0.4154
vn -0.4226 0.5490 -0.7211
vn -0.5440 0.6909 -0.4761
vn -0.6325 0.3325 -0.6996
vn -0.7347 0.5142 -0.4426
vn -0.8743 0.3436 -0.3429
vn -0.9598 0.1769 -0.2181
vn -0.9990 0.0129 -0.0430
vn -0.8785 -0.1704 0.4463
vn -0.9702 -0.1188 0.2112
vn -0.7297 -0.1809 0.6594
vn -0.5414 -0.1048 0.8342
vn -0.3559 0.0135 0.9344
vn -0.1524 0.1622 0.9749
vn 0.0253 0.3423 0.9393
vn 0.4125 0.3481 0.8418
vn 0.1527 0.5359 0.8304
vn 0.5031 0.5589 0.6592
vn 0.2151 0.7011 0.6799
vn 0.2429 0.8386 0.4877
vn 0.2256 0.9494 0.2185
vn -0.1491 0.9683 0.2002
vn -0.1657 0.9832 0.0762
vn -0.3457 0.9381 -0.0213
vn -0.4589 0.8841 -0.0884
vn -0.6304 0.7568 -0.1731
vn -0.7840 0.6072 -0.1294
vn -0.8417 0.5398 -0.0130
vn -0.8868 0.4620 0.0125
vn -0.9320 0.3396 0.1263
vn -0.8438 0.2358 0.4821
vn -0.9125 0.2066 0.3530
vn -0.7684 0.1864 0.6123
vn -0.5886 0.2376 0.7727
vn -0.4955 0.3538 0.7933
vn -0.3730 0.4046 0.8349
vn -0.2325 0.5360 0.8116
vn -0.1083 0.6835 0.7219
vn -0.1067 0.7943 0.5981
vn -0.0653 0.8450 0.5307
vn -0.0763 0.9399 0.3329
vn -0.4612 0.8269 0.3219
vn -0.0391 0.5935 0.8039
vn -0.2185 0.8305 0.5123
vn -0.3768 0.8991 0.2227
vn -0.6134 0.7814 0.1146
vn -0.7887 0.6105 0.0729
vn -0.4707 0.8711 0.1401
vn -0.4790 0.8525 0.2094
vn -0.4683 0.8737 0.1319
vn -0.3267 0.8856 0.3302
vn -0.5070 0.8199 0.2660
vn -0.1540 0.8518 0.5006
vn -0.6175 0.7814 0.0901
vn -0.6038 0.7566 0.2508
vn -0.7418 0.6617 0.1086
vn -0.6912 0.6694 0.2723
vn -0.8599 0.4074 0.3077
vn -0.8216 -0.0980 0.5615
vn -0.6789 0.6961 0.2335
vn -0.6375 0.7410 0.2109
vn -0.7137 0.6773 0.1786
vn -0.7542 0.6323 0.1773
vn -0.7938 0.5764 0.1939
vn -0.6622 0.7338 0.1521
vn -0.6400 0.4213 0.6426
vn -0.8017 0.4411 0.4034
vn -0.6910 0.6104 0.3873
vn -0.3723 0.4281 0.8235
vn -0.6819 0.5732 0.4545
vn -0.8473 0.5276 -0.0613
vn -0.8388 0.4689 0.2766
vn -0.7424 0.4139 0.5268
vn -0.5829 0.4658 0.6658
vn -0.5554 0.6106 0.5646
vn -0.3476 0.6223 0.7013
vn -0.0030 0.7749 0.6320
vn -0.5368 0.6269 0.5646
vn -0.8512 0.3264 0.4110
vn -0.6674 0.4459 0.5964
vn -0.4960 0.5392 0.6806
vn -0.4027 0.6245 0.6692
vn -0.5164 0.6399 0.5692
vn -0.3090 0.7253 0.6152
vn -0.4596 0.7082 0.5359
vn -0.2474 0.8910 0.3805
vn -0.2034 0.9788 0.0255
vn -0.4137 0.7415 0.5283
vn -0.4629 0.4829 0.7433
vn -0.3389 0.6842 0.6458
vn -0.2445 0.8064 0.5384
vn -0.4817 0.8755 0.0375
vn -0.2873 0.8877 0.3598
vn -0.5800 0.8040 -0.1310
vn -0.4448 0.8199 0.3606
vn -0.6490 0.6014 0.4661
vn -0.2994 0.6689 0.6804
vn -0.7756 0.3559 0.5213
vn -0.7452 0.2513 0.6177
vn -0.6968 0.6706 0.2543
vn -0.6117 0.4759 0.6319
vn -0.4991 0.6814 0.5353
vn -0.3390 0.7941 0.5045
vn -0.4196 0.4016 0.8140
vn -0.5427 0.6676 0.5097
vn -0.3685 0.4298 0.8243
vn -0.5871 0.5945 0.5494
vn -0.3519 0.4474 0.8222
vn -0.7818 0.3259 0.5316
vn -0.4010 0.4978 0.7690
vn -0.5661 0.7543 0.3326
vn -0.6432 0.6573 0.3929
vn -0.3141 0.7891 0.5279
vn -0.4744 0.8702 0.1330
vn -0.1330 0.9573 0.2566
vn -0.4556 0.7974 0.3957
vn -0.4100 0.5559 0.7231
vn -0.1564 0.9469 0.2809
vn -0.2550 0.9277 0.2726
vn -0.5586 0.7788 0.2854
vn -0.7227 0.6802 0.1223
vn -0.2767 0.9571 0.0863
vn -0.4674 0.8052 0.3650
vn -0.3115 0.9489 0.0509
vn -0.2260 0.8054 0.5479
vn -0.4324 0.8959 0.1020
vn -0.6023 0.7222 0.3402
vn -0.7073 0.5932 0.3845
vn -0.6138 0.7878 -0.0507
vn -0.6671 0.6441 0.3742
vn -0.7901 0.6116 -0.0409
vn -0.6719 0.6604 0.3352
vn -0.8357 0.5489 -0.0189
vn -0.4168 0.8741 0.2494
vn -0.8270 0.5518 0.1077
vn -0.5565 0.5797 0.5952
vn -0.6294 0.5990 0.4950
vn -0.9104 0.3338 0.2444
vn -0.6905 0.6440 0.3293
vn -0.6350 0.7695 0.0676
vn -0.8988 0.2635 0.3504
vn -0.3755 0.8473 0.3756
vn -0.0821 0.6425 0.7619
vn -0.4449 0.8402 0.3101
vn 0.1037 0.4257 0.8989
vn -0.8465 -0.0635 0.5286
vn -0.6772 -0.5209 0.5196
vn -0.8109 0.4270 0.4002
vn -0.8151 0.4710 0.3375
vn -0.6557 0.7327 0.1821
vn -0.5835 0.7938 0.1713
vn -0.3787 0.3894 0.8396
vn -0.2035 0.3377 0.9190
vn -0.7020 0.5570 0.4437
vn -0.7235 0.5168 0.4577
vn -0.8540 0.5199 0.0174
vn -0.8358 0.4635 -0.2943
vn -0.0029 0.7558 0.6548
vn 0.2739 0.7603 0.5890
vn -0.4888 0.6367 0.5964
vn -0.4977 0.6005 0.6259
vn -0.8024 0.3667 0.4708
vn -0.9358 0.1791 0.3038
vn -0.1703 0.9847 0.0372
vn -0.0521 0.9731 -0.2242
vn -0.3751 0.8189 0.4343
vn -0.3425 0.8157 0.4662
vn -0.4350 0.5437 0.7178
vn -0.4805 0.3583 0.8005
vn -0.6094 0.7317 -0.3054
vn -0.6182 0.6978 -0.3619
vn -0.7263 0.5947 -0.3448
vn -0.3221 0.8059 0.4968
vn -0.5325 0.7875 0.3102
vn -0.8813 0.4657 -0.0803
vn 0.1432 0.8157 0.5604
vn -0.7962 0.3848 0.4668
vn -0.1521 -0.9675 0.2018
vn -0.6108 0.7578 0.2294
vn 0.0582 0.1823 0.9815
vn -0.6868 0.6243 0.3722
vn -0.4069 -0.0564 -0.9117
vn 0.9103 0.3578 0.2081
vn -0.5335 0.6633 0.5249
vn -0.7582 -0.5997 -0.2558
vn 0.3841 0.4986 -0.7771
vn -0.4428 0.7890 0.4259
vn -0.4797 0.1501 0.8645
vn -0.5805 0.6020 -0.5483
vn -0.8858 -0.1268 0.4465
vn -0.9664 -0.1038 0.2351
vn -0.8624 0.2629 0.4326
vn -0.9711 -0.0719 0.2277
vn -0.9957 0.0539 0.0753
vn -0.8772 0.4034 0.2603
vn -0.9601 0.2130 -0.1813
vn -0.8532 0.5216 -0.0072
vn -0.8665 0.3630 -0.3426
vn -0.8656 0.4693 -0.1748
vn -0.7550 0.5188 -0.4011
vn -0.7847 0.6027 -0.1451
vn -0.5402 0.7307 -0.4173
vn -0.6192 0.7692 -0.1582
vn -0.3238 0.8828 -0.3402
vn -0.1897 0.9625 -0.1937
vn -0.1392 0.9562 -0.2576
vn -0.3907 0.8891 -0.2385
vn -0.0098 0.9912 -0.1318
vn -0.0662 0.9947 -0.0780
vn 0.1233 0.9905 0.0604
vn -0.0296 0.9827 0.1826
vn 0.2041 0.9493 0.2389
vn 0.1819 0.9609 0.2086
vn 0.2572 0.8882 0.3808
vn 0.0048 0.9054 0.4244
vn 0.0394 0.7221 0.6907
vn -0.2195 0.7129 0.6660
vn 0.0321 0.4492 0.8928
vn -0.3223 0.4785 0.8168
vn -0.0937 0.2648 0.9597
vn -0.2481 0.3156 0.9159
vn -0.1740 0.1817 0.9678
vn -0.3322 0.3757 0.8651
vn -0.2995 0.0945 0.9494
vn -0.4129 0.2799 0.8667
vn -0.5520 0.0771 0.8303
vn -0.5950 0.2260 0.7713
vn -0.7585 -0.1025 0.6436
vn -0.7110 0.0226 0.7028
vn -0.3186 0.7186 0.6182
vn -0.2636 0.9590 0.1042
vn -0.5553 0.7335 0.3920
vn -0.7623 0.3766 0.5264
vn -0.2899 -0.8826 0.3701
vn 0.6895 0.7190 -0.0879
vn -0.5320 0.6625 0.5272
vn -0.5291 0.7083 0.4674
vn 0.7616 0.6423 -0.0862
vn 0.7522 0.6333 -0.1821
vn -0.4441 -0.8957 -0.0238
vn -0.3875 -0.9210 -0.0405
vn -0.8235 0.3427 0.4521
vn -0.8671 0.2522 0.4296
vn -0.6179 0.6930 0.3713
vn -0.6268 0.6976 0.3470
vn -0.3467 0.8319 0.4332
vn -0.4137 0.8924 0.1801
vn -0.4196 0.3311 0.8452
vn -0.0396 0.4371 -0.8985
vn -0.0262 -0.9945 -0.1017
vn -0.8566 0.2502 0.4512
vn -0.5116 0.8214 0.2521
vn -0.5353 0.8381 0.1053
vn -0.5974 0.7349 0.3211
vn -0.9330 -0.0557 0.3555
vn 0.0338 -0.9469 -0.3198
vn 0.5896 0.6466 -0.4841
vn -0.0734 -0.8253 -0.5599
vn -0.0170 -0.9285 -0.3709
vn 0.8730 -0.1035 0.4767
vn -0.0007 -0.4593 -0.8883
vn -0.0977 -0.6876 -0.7195
vn 0.0672 -0.9806 -0.1840
vn 0.1813 -0.9834 -0.0037
vn 0.3304 -0.9324 0.1466
vn 0.4638 -0.8476 0.2578
vn 0.8780 0.2074 -0.4314
vn 0.7586 0.1941 -0.6219
vn 0.5735 0.1349 -0.8080
vn 0.4000 0.0362 -0.9158
vn 0.2239 -0.1159 -0.9677
vn 0.0660 -0.2989 -0.9520
vn 0.9144 -0.3098 0.2607
vn 0.9834 -0.1261 0.1307
vn 0.6714 -0.6226 -0.4019
vn 0.6462 -0.6135 -0.4539
vn 0.6690 -0.6038 -0.4335
vn 0.6803 -0.5911 -0.4333
vn 0.6859 -0.5766 -0.4439
vn 0.6831 -0.5686 -0.4583
vn 0.6716 -0.5708 -0.4723
vn 0.6609 -0.5723 -0.4854
vn 0.6565 -0.5836 -0.4779
vn 0.6755 -0.6352 -0.3745
vn 0.6808 -0.6328 -0.3689
vn 0.6131 -0.6584 -0.4365
vn 0.6299 -0.6487 -0.4270
vn 0.6400 -0.6473 -0.4140
vn 0.6510 -0.6451 -0.4000
vn 0.6660 -0.6364 -0.3892
vn 0.6831 -0.6225 -0.3819
vn 0.5799 -0.5952 -0.5562
vn 0.5747 -0.6248 -0.5285
vn 0.5788 -0.6449 -0.4991
vn 0.5902 -0.6554 -0.4713
vn 0.6005 -0.6605 -0.4508
vn 0.6528 -0.6133 -0.4447
vn 0.6513 -0.6136 -0.4463
vn 0.6529 -0.6130 -0.4450
vn 0.6534 -0.6118 -0.4459
vn 0.6529 -0.6112 -0.4475
vn 0.6534 -0.6113 -0.4466
vn 0.6524 -0.6107 -0.4488
vn 0.6516 -0.6111 -0.4494
vn 0.6509 -0.6115 -0.4498
vn 0.6423 -0.6227 -0.4468
vn 0.6447 -0.6149 -0.4542
vn 0.6491 -0.6167 -0.4454
vn 0.6489 -0.6163 -0.4462
vn 0.6497 -0.6164 -0.4449
vn 0.6508 -0.6160 -0.4438
vn 0.6515 -0.6154 -0.4436
vn 0.6523 -0.6144 -0.4438
vn 0.6484 -0.6135 -0.4507
vn 0.6477 -0.6145 -0.4504
vn 0.6470 -0.6157 -0.4497
vn 0.6471 -0.6168 -0.4481
vn 0.6480 -0.6169 -0.4467
vn -0.3713 -0.7174 0.5894
vn 0.3776 -0.7266 -0.5740
vn 0.9201 -0.1985 0.3377
vn 0.0699 0.7337 -0.6759
vn -0.1901 -0.6738 0.7140
vn 0.9862 -0.0717 0.1491
vn 0.3956 0.2986 -0.8685
vn 0.6513 0.5679 -0.5032
vn -0.0444 0.3969 -0.9168
vn -0.7373 -0.5930 0.3237
vn 0.7852 0.4733 0.3994
vn 0.3050 0.5774 -0.7573
vn -0.6022 -0.7242 -0.3360
vn 0.2501 -0.6738 0.6953
vn 0.1705 -0.7701 0.6147
vn 0.1419 -0.6693 0.7293
vn 0.7129 -0.3575 0.6033
vn 0.8867 0.4206 0.1919
vn -0.5656 -0.2310 -0.7917
vn -0.7984 -0.6007 -0.0409
vn 0.0399 -0.3941 0.9182
vn 0.3519 0.8343 -0.4244
vn -0.6430 0.0743 -0.7623
vn 0.8770 -0.4702 0.0990
vn 0.7446 -0.6646 -0.0629
vn 0.9575 -0.1856 -0.2210
vn 0.9679 -0.2483 -0.0390
vn 0.9265 -0.2942 -0.2347
vn 0.8830 -0.1173 -0.4545
vn 0.7982 0.0918 -0.5954
vn 0.2558 -0.2268 -0.9398
vn -0.7530 0.1353 0.6440
vn 0.2332 0.8980 0.3731
vn 0.5522 0.0382 -0.8328
vn 0.1134 -0.5598 -0.8208
vn -0.1374 -0.8863 -0.4424
vn -0.0500 -0.0208 0.9985
vn -0.1193 0.9928 0.0062
vn -0.1240 -0.4668 -0.8756
vn 0.1701 -0.8785 -0.4465
vn 0.5217 -0.8527 -0.0284
vn 0.4083 -0.8861 0.2196
vn 0.3765 -0.8149 0.4407
vn 0.7269 -0.6164 0.3028
vn 0.5410 -0.6661 0.5134
vn 0.6666 -0.6101 -0.4282
vn 0.6664 -0.6239 -0.4082
vn 0.6758 -0.5992 -0.4293
vn 0.6751 -0.5971 -0.4333
vn 0.6685 -0.5898 -0.4531
vn 0.6721 -0.5924 -0.4442
vn 0.6651 -0.5874 -0.4611
vn 0.6548 -0.5945 -0.4667
vn 0.6429 -0.5970 -0.4798
vn 0.6721 -0.5630 -0.4810
vn 0.6450 -0.6097 -0.4607
vn 0.6392 -0.6352 -0.4335
vn 0.6312 -0.6372 -0.4422
vn 0.6448 -0.6389 -0.4196
vn 0.6513 -0.6299 -0.4231
vn 0.6588 -0.6230 -0.4216
vn 0.6624 -0.6161 -0.4262
vn 0.6368 -0.6112 -0.4700
vn 0.6308 -0.6201 -0.4666
vn 0.6318 -0.6241 -0.4596
vn 0.6306 -0.6276 -0.4565
vn 0.6285 -0.6333 -0.4515
# 854 vertex normals

vt 0.0385 0.3073 0.0000
vt 0.0920 0.3071 0.0000
vt 0.1003 0.3769 0.0000
vt 0.0509 0.3887 0.0000
vt 0.9153 0.3085 0.0000
vt 0.9558 0.3137 0.0000
vt 0.9392 0.3850 0.0000
vt 0.9022 0.3737 0.0000
vt 0.7938 0.3552 0.0000
vt 0.8000 0.2929 0.0000
vt 0.8488 0.2992 0.0000
vt 0.8400 0.3610 0.0000
vt 0.7484 0.3524 0.0000
vt 0.7528 0.2848 0.0000
vt 0.7043 0.3525 0.0000
vt 0.7075 0.2899 0.0000
vt 0.6611 0.3543 0.0000
vt 0.6626 0.2923 0.0000
vt 0.6183 0.3561 0.0000
vt 0.6186 0.2905 0.0000
vt 0.5755 0.3586 0.0000
vt 0.6184 0.2905 0.0000
vt 0.5749 0.3016 0.0000
vt 0.4501 0.3315 0.0000
vt 0.4510 0.3683 0.0000
vt 0.4106 0.3643 0.0000
vt 0.4095 0.3377 0.0000
vt 0.3288 0.3705 0.0000
vt 0.3693 0.3657 0.0000
vt 0.3710 0.4257 0.0000
vt 0.3277 0.4240 0.0000
vt 0.2865 0.4263 0.0000
vt 0.2875 0.3702 0.0000
vt 0.2461 0.4248 0.0000
vt 0.2394 0.3675 0.0000
vt 0.2049 0.4259 0.0000
vt 0.1941 0.3679 0.0000
vt 0.1638 0.4311 0.0000
vt 0.1478 0.3707 0.0000
vt 0.1237 0.4413 0.0000
vt 0.0845 0.4596 0.0000
vt 0.9082 0.4487 0.0000
vt 0.8784 0.4343 0.0000
vt 0.7831 0.4155 0.0000
vt 0.8252 0.4203 0.0000
vt 0.7415 0.4131 0.0000
vt 0.6994 0.4135 0.0000
vt 0.6585 0.4156 0.0000
vt 0.6179 0.4162 0.0000
vt 0.5763 0.4177 0.0000
vt 0.5349 0.4219 0.0000
vt 0.5333 0.3619 0.0000
vt 0.4944 0.4266 0.0000
vt 0.4921 0.3653 0.0000
vt 0.4535 0.4284 0.0000
vt 0.4116 0.4287 0.0000
vt 0.3708 0.5014 0.0000
vt 0.3274 0.4862 0.0000
vt 0.2905 0.4831 0.0000
vt 0.2554 0.4824 0.0000
vt 0.2181 0.4804 0.0000
vt 0.1889 0.4884 0.0000
vt 0.1625 0.5046 0.0000
vt 0.1287 0.5115 0.0000
vt 0.8681 0.5007 0.0000
vt 0.8484 0.4879 0.0000
vt 0.7692 0.4838 0.0000
vt 0.8070 0.4778 0.0000
vt 0.7334 0.4720 0.0000
vt 0.6953 0.4727 0.0000
vt 0.6554 0.4866 0.0000
vt 0.6163 0.4748 0.0000
vt 0.5781 0.4752 0.0000
vt 0.5397 0.4802 0.0000
vt 0.5002 0.4973 0.0000
vt 0.4547 0.4871 0.0000
vt 0.4137 0.4878 0.0000
vt 0.3385 0.5264 0.0000
vt 0.3209 0.5495 0.0000
vt 0.3106 0.5466 0.0000
vt 0.3167 0.5191 0.0000
vt 0.2960 0.5402 0.0000
vt 0.3010 0.5506 0.0000
vt 0.2879 0.5131 0.0000
vt 0.2842 0.5363 0.0000
vt 0.2712 0.5392 0.0000
vt 0.2592 0.5147 0.0000
vt 0.2629 0.5489 0.0000
vt 0.2543 0.5427 0.0000
vt 0.2307 0.5135 0.0000
vt 0.2386 0.5420 0.0000
vt 0.2067 0.5190 0.0000
vt 0.2244 0.5447 0.0000
vt 0.1926 0.5296 0.0000
vt 0.2164 0.5487 0.0000
vt 0.1650 0.5350 0.0000
vt 0.1725 0.5614 0.0000
vt 0.1633 0.5644 0.0000
vt 0.1471 0.5384 0.0000
vt 0.8454 0.5261 0.0000
vt 0.8331 0.5155 0.0000
vt 0.8245 0.5496 0.0000
vt 0.8164 0.5441 0.0000
vt 0.7849 0.5140 0.0000
vt 0.8034 0.5102 0.0000
vt 0.8008 0.5404 0.0000
vt 0.7921 0.5411 0.0000
vt 0.7456 0.5112 0.0000
vt 0.7310 0.5357 0.0000
vt 0.7216 0.5328 0.0000
vt 0.7271 0.5037 0.0000
vt 0.7012 0.5041 0.0000
vt 0.7085 0.5328 0.0000
vt 0.6829 0.5121 0.0000
vt 0.6994 0.5355 0.0000
vt 0.6271 0.5142 0.0000
vt 0.6083 0.5370 0.0000
vt 0.5982 0.5335 0.0000
vt 0.6082 0.5056 0.0000
vt 0.5800 0.5051 0.0000
vt 0.5825 0.5329 0.0000
vt 0.5522 0.5096 0.0000
vt 0.5672 0.5353 0.0000
vt 0.5350 0.5199 0.0000
vt 0.5581 0.5392 0.0000
vt 0.4719 0.5236 0.0000
vt 0.4560 0.5475 0.0000
vt 0.4452 0.5446 0.0000
vt 0.4507 0.5162 0.0000
vt 0.4028 0.5261 0.0000
vt 0.4219 0.5179 0.0000
vt 0.4220 0.5477 0.0000
vt 0.4310 0.5455 0.0000
vt 0.3121 0.5650 0.0000
vt 0.3064 0.5647 0.0000
vt 0.3092 0.5758 0.0000
vt 0.3049 0.5756 0.0000
vt 0.3003 0.5620 0.0000
vt 0.3004 0.5731 0.0000
vt 0.2598 0.5600 0.0000
vt 0.2516 0.5610 0.0000
vt 0.2556 0.5710 0.0000
vt 0.2495 0.5718 0.0000
vt 0.2432 0.5603 0.0000
vt 0.2449 0.5713 0.0000
vt 0.2356 0.5612 0.0000
vt 0.2406 0.5717 0.0000
vt 0.2304 0.5616 0.0000
vt 0.2361 0.5722 0.0000
vt 0.1738 0.5816 0.0000
vt 0.1781 0.5785 0.0000
vt 0.1831 0.5883 0.0000
vt 0.1797 0.5912 0.0000
vt 0.8109 0.5653 0.0000
vt 0.8064 0.5624 0.0000
vt 0.8035 0.5743 0.0000
vt 0.8014 0.5728 0.0000
vt 0.7989 0.5597 0.0000
vt 0.7946 0.5588 0.0000
vt 0.7976 0.5712 0.0000
vt 0.7939 0.5703 0.0000
vt 0.7236 0.5520 0.0000
vt 0.7185 0.5518 0.0000
vt 0.7210 0.5631 0.0000
vt 0.7168 0.5632 0.0000
vt 0.7123 0.5517 0.0000
vt 0.7134 0.5631 0.0000
vt 0.7074 0.5516 0.0000
vt 0.7094 0.5629 0.0000
vt 0.5977 0.5521 0.0000
vt 0.5918 0.5519 0.0000
vt 0.5934 0.5627 0.0000
vt 0.5884 0.5627 0.0000
vt 0.5840 0.5515 0.0000
vt 0.5842 0.5624 0.0000
vt 0.5762 0.5521 0.0000
vt 0.5800 0.5626 0.0000
vt 0.5708 0.5526 0.0000
vt 0.5754 0.5632 0.0000
vt 0.4421 0.5637 0.0000
vt 0.4481 0.5635 0.0000
vt 0.4453 0.5743 0.0000
vt 0.4406 0.5747 0.0000
vt 0.4352 0.5636 0.0000
vt 0.4292 0.5632 0.0000
vt 0.4368 0.5743 0.0000
vt 0.4329 0.5742 0.0000
vt 0.3437 0.5315 0.0000
vt 0.3372 0.5355 0.0000
vt 0.3277 0.5526 0.0000
vt 0.3246 0.5518 0.0000
vt 0.1971 0.5379 0.0000
vt 0.2143 0.5507 0.0000
vt 0.2116 0.5522 0.0000
vt 0.1898 0.5349 0.0000
vt 0.1712 0.5369 0.0000
vt 0.1708 0.5434 0.0000
vt 0.1779 0.5611 0.0000
vt 0.1758 0.5621 0.0000
vt 0.7838 0.5236 0.0000
vt 0.7889 0.5428 0.0000
vt 0.7859 0.5427 0.0000
vt 0.7796 0.5178 0.0000
vt 0.7503 0.5161 0.0000
vt 0.7446 0.5207 0.0000
vt 0.7371 0.5386 0.0000
vt 0.7341 0.5379 0.0000
vt 0.6848 0.5211 0.0000
vt 0.6967 0.5376 0.0000
vt 0.6937 0.5383 0.0000
vt 0.6786 0.5169 0.0000
vt 0.6314 0.5193 0.0000
vt 0.6251 0.5233 0.0000
vt 0.6140 0.5401 0.0000
vt 0.6113 0.5391 0.0000
vt 0.5387 0.5281 0.0000
vt 0.5554 0.5414 0.0000
vt 0.5525 0.5428 0.0000
vt 0.5312 0.5253 0.0000
vt 0.4769 0.5286 0.0000
vt 0.4709 0.5328 0.0000
vt 0.4622 0.5505 0.0000
vt 0.4592 0.5497 0.0000
vt 0.4048 0.5347 0.0000
vt 0.4178 0.5495 0.0000
vt 0.4160 0.5504 0.0000
vt 0.3979 0.5312 0.0000
vt 0.3165 0.5627 0.0000
vt 0.3170 0.5650 0.0000
vt 0.2942 0.5552 0.0000
vt 0.2962 0.5536 0.0000
vt 0.2667 0.5522 0.0000
vt 0.2681 0.5542 0.0000
vt 0.2261 0.5629 0.0000
vt 0.2256 0.5595 0.0000
vt 0.1788 0.5746 0.0000
vt 0.1811 0.5769 0.0000
vt 0.7919 0.5555 0.0000
vt 0.7905 0.5587 0.0000
vt 0.7274 0.5495 0.0000
vt 0.7278 0.5528 0.0000
vt 0.7038 0.5489 0.0000
vt 0.7033 0.5522 0.0000
vt 0.6022 0.5496 0.0000
vt 0.6020 0.5528 0.0000
vt 0.5661 0.5505 0.0000
vt 0.5663 0.5538 0.0000
vt 0.4519 0.5609 0.0000
vt 0.4522 0.5641 0.0000
vt 0.4230 0.5648 0.0000
vt 0.4212 0.5598 0.0000
vt 0.4374 0.5781 0.0000
vt 0.4353 0.5786 0.0000
vt 0.4364 0.5847 0.0000
vt 0.4375 0.5841 0.0000
vt 0.4399 0.5784 0.0000
vt 0.4389 0.5848 0.0000
vt 0.4425 0.5788 0.0000
vt 0.4404 0.5848 0.0000
vt 0.5815 0.5662 0.0000
vt 0.5792 0.5673 0.0000
vt 0.5830 0.5722 0.0000
vt 0.5818 0.5731 0.0000
vt 0.5843 0.5662 0.0000
vt 0.5843 0.5720 0.0000
vt 0.5871 0.5664 0.0000
vt 0.5856 0.5722 0.0000
vt 0.5896 0.5671 0.0000
vt 0.7114 0.5679 0.0000
vt 0.7138 0.5671 0.0000
vt 0.7141 0.5733 0.0000
vt 0.7127 0.5737 0.0000
vt 0.7161 0.5672 0.0000
vt 0.7154 0.5733 0.0000
vt 0.7185 0.5678 0.0000
vt 0.7168 0.5740 0.0000
vt 0.7976 0.5753 0.0000
vt 0.7953 0.5755 0.0000
vt 0.7975 0.5815 0.0000
vt 0.7962 0.5820 0.0000
vt 0.8003 0.5764 0.0000
vt 0.7992 0.5824 0.0000
vt 0.8017 0.5776 0.0000
vt 0.8001 0.5831 0.0000
vt 0.1832 0.5934 0.0000
vt 0.1808 0.5947 0.0000
vt 0.1834 0.5997 0.0000
vt 0.1819 0.6002 0.0000
vt 0.2423 0.5754 0.0000
vt 0.2402 0.5767 0.0000
vt 0.2438 0.5814 0.0000
vt 0.2427 0.5824 0.0000
vt 0.2451 0.5751 0.0000
vt 0.2451 0.5811 0.0000
vt 0.2481 0.5754 0.0000
vt 0.2465 0.5813 0.0000
vt 0.2508 0.5761 0.0000
vt 0.2478 0.5820 0.0000
vt 0.3039 0.5792 0.0000
vt 0.3016 0.5784 0.0000
vt 0.3002 0.5846 0.0000
vt 0.3016 0.5848 0.0000
vt 0.3061 0.5803 0.0000
vt 0.3028 0.5857 0.0000
vt 0.2470 0.5823 0.0000
vt 0.7979 0.5827 0.0000
vt 0.1834 0.6018 0.0000
vt 0.1819 0.6018 0.0000
vt 0.2451 0.5834 0.0000
vt 0.2439 0.5841 0.0000
vt 0.2461 0.5828 0.0000
vt 0.3009 0.5859 0.0000
vt 0.3022 0.5866 0.0000
vt 0.3004 0.5868 0.0000
vt 0.3016 0.5875 0.0000
vt 0.5843 0.5771 0.0000
vt 0.5830 0.5774 0.0000
vt 0.5826 0.5760 0.0000
vt 0.5839 0.5757 0.0000
vt 0.5856 0.5767 0.0000
vt 0.5852 0.5753 0.0000
vt 0.5870 0.5763 0.0000
vt 0.5866 0.5749 0.0000
vt 0.7165 0.5750 0.0000
vt 0.7161 0.5762 0.0000
vt 0.7147 0.5757 0.0000
vt 0.7151 0.5745 0.0000
vt 0.7966 0.5830 0.0000
vt 0.5874 0.5777 0.0000
vt 0.5860 0.5781 0.0000
vt 0.5846 0.5784 0.0000
vt 0.5834 0.5787 0.0000
vt 0.2992 0.5861 0.0000
vt 0.2998 0.5852 0.0000
vt 0.4381 0.5851 0.0000
vt 0.4396 0.5855 0.0000
vt 0.5833 0.5735 0.0000
vt 0.5820 0.5739 0.0000
vt 0.5846 0.5732 0.0000
vt 0.5858 0.5728 0.0000
vt 0.5870 0.5725 0.0000
vt 0.7139 0.5742 0.0000
vt 0.5849 0.5742 0.0000
vt 0.5862 0.5738 0.0000
vt 0.5836 0.5745 0.0000
vt 0.5823 0.5749 0.0000
vt 0.4371 0.5857 0.0000
vt 0.4387 0.5861 0.0000
vt 0.4376 0.5867 0.0000
vt 0.9157 0.2930 0.0000
vt 0.8497 0.2794 0.0000
vt 0.7985 0.5837 0.0000
vt 0.7971 0.5842 0.0000
vt 0.7135 0.5753 0.0000
vt 0.7123 0.5749 0.0000
vt 0.1051 0.3071 0.0000
vt 0.0922 0.3046 0.0000
vt 0.0404 0.2940 0.0000
vt 0.9559 0.3021 0.0000
vt 0.8005 0.2714 0.0000
vt 0.7530 0.2678 0.0000
vt 0.7074 0.2727 0.0000
vt 0.6622 0.2812 0.0000
vt 0.3270 0.3395 0.0000
vt 0.3685 0.3408 0.0000
vt 0.2841 0.3357 0.0000
vt 0.2376 0.3294 0.0000
vt 0.1911 0.3219 0.0000
vt 0.1427 0.3136 0.0000
vt 0.5327 0.3125 0.0000
vt 0.4912 0.3230 0.0000
vt 0.4069 0.6925 0.0000
vt 0.4182 0.6856 0.0000
vt 0.4257 0.6989 0.0000
vt 0.4140 0.7050 0.0000
vt 0.4507 0.7511 0.0000
vt 0.4376 0.7542 0.0000
vt 0.4566 0.7956 0.0000
vt 0.4430 0.7959 0.0000
vt 0.4262 0.8621 0.0000
vt 0.4387 0.8660 0.0000
vt 0.4099 0.9145 0.0000
vt 0.3992 0.9077 0.0000
vt 0.3673 0.9529 0.0000
vt 0.3591 0.9438 0.0000
vt 0.3147 0.9768 0.0000
vt 0.3096 0.9662 0.0000
vt 0.2575 0.9801 0.0000
vt 0.2558 0.9693 0.0000
vt 0.1976 0.9724 0.0000
vt 0.2006 0.9623 0.0000
vt 0.2005 0.9622 0.0000
vt 0.1330 0.6860 0.0000
vt 0.1267 0.6786 0.0000
vt 0.1680 0.6384 0.0000
vt 0.1717 0.6482 0.0000
vt 0.2192 0.6178 0.0000
vt 0.2199 0.6289 0.0000
vt 0.2803 0.6078 0.0000
vt 0.2772 0.6195 0.0000
vt 0.3414 0.6204 0.0000
vt 0.3347 0.6311 0.0000
vt 0.3869 0.6555 0.0000
vt 0.3775 0.6641 0.0000
vt 0.1444 0.9439 0.0000
vt 0.1495 0.9353 0.0000
vt 0.1095 0.8957 0.0000
vt 0.1167 0.8899 0.0000
vt 0.0887 0.8403 0.0000
vt 0.0972 0.8379 0.0000
vt 0.0814 0.7842 0.0000
vt 0.0903 0.7853 0.0000
vt 0.1063 0.7324 0.0000
vt 0.0983 0.7280 0.0000
vt 0.4070 0.7094 0.0000
vt 0.4000 0.6977 0.0000
vt 0.4291 0.7563 0.0000
vt 0.4342 0.7958 0.0000
vt 0.3929 0.9022 0.0000
vt 0.4186 0.8589 0.0000
vt 0.3547 0.9365 0.0000
vt 0.3077 0.9581 0.0000
vt 0.2566 0.9601 0.0000
vt 0.2041 0.9537 0.0000
vt 0.2038 0.9539 0.0000
vt 0.1764 0.6552 0.0000
vt 0.1396 0.6913 0.0000
vt 0.2225 0.6375 0.0000
vt 0.2768 0.6284 0.0000
vt 0.3314 0.6395 0.0000
vt 0.3720 0.6709 0.0000
vt 0.1554 0.9284 0.0000
vt 0.1245 0.8851 0.0000
vt 0.1063 0.8357 0.0000
vt 0.0998 0.7858 0.0000
vt 0.1145 0.7356 0.0000
vt 0.2806 0.7889 0.0000
vt 0.2583 0.7955 0.0000
vt 0.2765 0.7874 0.0000
vt 0.2790 0.7944 0.0000
vt 0.2791 0.7948 0.0000
vt 0.2789 0.8098 0.0000
vt 0.2819 0.7994 0.0000
vt 0.2788 0.8101 0.0000
vt 0.2746 0.8145 0.0000
vt 0.2693 0.8001 0.0000
vt 0.2646 0.8051 0.0000
vt 0.2594 0.8096 0.0000
vt 0.2581 0.7790 0.0000
vt 0.2543 0.7840 0.0000
vt 0.2669 0.7862 0.0000
vt 0.2705 0.7829 0.0000
vt 0.2740 0.7848 0.0000
vt 0.2764 0.7870 0.0000
vt 0.2580 0.8082 0.0000
vt 0.2596 0.8008 0.0000
vt 0.2627 0.7967 0.0000
vt 0.2629 0.7951 0.0000
vt 0.2577 0.7918 0.0000
vt 0.2802 0.7877 0.0000
vt 0.2862 0.7852 0.0000
vt 0.2833 0.7922 0.0000
vt 0.2832 0.7954 0.0000
vt 0.2871 0.8028 0.0000
vt 0.2843 0.8080 0.0000
vt 0.2792 0.8110 0.0000
vt 0.2749 0.8174 0.0000
vt 0.2693 0.8008 0.0000
vt 0.2643 0.8067 0.0000
vt 0.2589 0.8112 0.0000
vt 0.2572 0.8101 0.0000
vt 0.2589 0.8024 0.0000
vt 0.2622 0.7973 0.0000
vt 0.2624 0.7949 0.0000
vt 0.2568 0.7905 0.0000
vt 0.2532 0.7821 0.0000
vt 0.2572 0.7764 0.0000
vt 0.2667 0.7851 0.0000
vt 0.2705 0.7815 0.0000
vt 0.2743 0.7842 0.0000
vt 0.2766 0.7867 0.0000
vt 0.3466 0.7473 0.0000
vt 0.3401 0.7427 0.0000
vt 0.3562 0.7742 0.0000
vt 0.3587 0.7956 0.0000
vt 0.3386 0.8551 0.0000
vt 0.3529 0.8308 0.0000
vt 0.3170 0.8738 0.0000
vt 0.2913 0.8877 0.0000
vt 0.2630 0.8805 0.0000
vt 0.2342 0.8802 0.0000
vt 0.2313 0.8826 0.0000
vt 0.2168 0.7158 0.0000
vt 0.1964 0.7367 0.0000
vt 0.2446 0.7113 0.0000
vt 0.2736 0.7050 0.0000
vt 0.3028 0.7119 0.0000
vt 0.3243 0.7288 0.0000
vt 0.2063 0.8693 0.0000
vt 0.1917 0.8437 0.0000
vt 0.1842 0.8165 0.0000
vt 0.1811 0.7903 0.0000
vt 0.1857 0.7630 0.0000
# 503 texture coords

g ?????????
usemtl wire_000000000
s 1
f 861/982/863 862/983/864 863/984/865 864/985/866 
f 865/986/867 861/987/863 864/988/866 866/989/868 
f 867/990/869 868/991/870 869/992/871 870/993/872 
f 871/994/873 872/995/874 868/991/870 867/990/869 
f 873/996/875 874/997/876 872/995/874 871/994/873 
f 875/998/877 876/999/878 874/997/876 873/996/875 
f 877/1000/879 878/1001/880 876/999/878 875/998/877 
f 879/1002/881 880/1003/882 878/1001/880 877/1000/879 
f 879/1002/881 881/1004/883 880/1003/882 
f 882/1005/884 883/1006/885 884/1007/886 885/1008/887 
f 886/1009/888 887/1010/889 888/1011/890 889/1012/891 
f 890/1013/892 891/1014/893 886/1009/888 889/1012/891 
f 892/1015/894 893/1016/895 891/1014/893 890/1013/892 
f 894/1017/896 895/1018/897 893/1016/895 892/1015/894 
f 896/1019/898 897/1020/899 895/1018/897 894/1017/896 
f 898/1021/900 863/984/865 897/1020/899 896/1019/898 
f 864/985/866 863/984/865 898/1021/900 899/1022/901 
f 866/989/868 864/988/866 899/1023/901 900/1024/902 
f 901/1025/903 867/990/869 870/993/872 902/1026/904 
f 903/1027/905 871/994/873 867/990/869 901/1025/903 
f 904/1028/906 873/996/875 871/994/873 903/1027/905 
f 905/1029/907 875/998/877 873/996/875 904/1028/906 
f 906/1030/908 877/1000/879 875/998/877 905/1029/907 
f 907/1031/909 879/1002/881 877/1000/879 906/1030/908 
f 908/1032/910 909/1033/911 879/1002/881 907/1031/909 
f 910/1034/912 911/1035/913 909/1033/911 908/1032/910 
f 912/1036/914 883/1006/885 911/1035/913 910/1034/912 
f 883/1006/885 912/1036/914 913/1037/915 884/1007/886 
f 888/1011/890 887/1010/889 884/1007/886 913/1037/915 
f 889/1012/891 888/1011/890 914/1038/916 915/1039/917 
f 916/1040/918 890/1013/892 889/1012/891 915/1039/917 
f 917/1041/919 892/1015/894 890/1013/892 916/1040/918 
f 918/1042/920 894/1017/896 892/1015/894 917/1041/919 
f 919/1043/921 896/1019/898 894/1017/896 918/1042/920 
f 920/1044/922 898/1021/900 896/1019/898 919/1043/921 
f 899/1022/901 898/1021/900 920/1044/922 921/1045/923 
f 900/1024/902 899/1023/901 921/1046/923 922/1047/924 
f 923/1048/925 901/1025/903 902/1026/904 924/1049/926 
f 925/1050/927 903/1027/905 901/1025/903 923/1048/925 
f 926/1051/928 904/1028/906 903/1027/905 925/1050/927 
f 927/1052/929 905/1029/907 904/1028/906 926/1051/928 
f 928/1053/930 906/1030/908 905/1029/907 927/1052/929 
f 929/1054/931 907/1031/909 906/1030/908 928/1053/930 
f 930/1055/932 908/1032/910 907/1031/909 929/1054/931 
f 931/1056/933 910/1034/912 908/1032/910 930/1055/932 
f 932/1057/934 912/1036/914 910/1034/912 931/1056/933 
f 912/1036/914 932/1057/934 933/1058/935 913/1037/915 
f 914/1038/916 888/1011/890 913/1037/915 933/1058/935 
f 934/1059/936 935/1060/937 936/1061/938 937/1062/939 
f 934/1059/936 937/1062/939 915/1039/917 914/1038/916 
f 938/1063/940 937/1062/939 936/1061/938 939/1064/941 
f 940/1065/942 937/1062/939 938/1063/940 941/1066/943 
f 942/1067/944 943/1068/945 940/1065/942 941/1066/943 
f 942/1067/944 944/1069/946 945/1070/947 943/1068/945 
f 946/1071/948 918/1042/920 917/1041/919 943/1068/945 
f 947/1072/949 946/1071/948 943/1068/945 945/1070/947 
f 948/1073/950 919/1043/921 918/1042/920 946/1071/948 
f 948/1073/950 946/1071/948 947/1072/949 949/1074/951 
f 950/1075/952 920/1044/922 919/1043/921 948/1073/950 
f 951/1076/953 950/1075/952 948/1073/950 949/1074/951 
f 952/1077/954 953/1078/955 954/1079/956 955/1080/957 
f 952/1077/954 955/1080/957 921/1045/923 920/1044/922 
f 922/1047/924 921/1046/923 955/1081/957 956/1082/958 
f 956/1082/958 955/1081/957 954/1083/956 957/1084/959 
f 958/1085/960 923/1048/925 924/1049/926 959/1086/961 
f 958/1085/960 959/1086/961 960/1087/962 961/1088/963 
f 962/1089/964 963/1090/965 964/1091/966 965/1092/967 
f 962/1089/964 965/1092/967 925/1050/927 923/1048/925 
f 926/1051/928 925/1050/927 965/1092/967 966/1093/968 
f 966/1093/968 965/1092/967 964/1091/966 967/1094/969 
f 968/1095/970 927/1052/929 926/1051/928 966/1093/968 
f 969/1096/971 968/1095/970 966/1093/968 967/1094/969 
f 970/1097/972 971/1098/973 972/1099/974 973/1100/975 
f 970/1097/972 973/1100/975 928/1053/930 927/1052/929 
f 929/1054/931 928/1053/930 973/1100/975 974/1101/976 
f 974/1101/976 973/1100/975 972/1099/974 975/1102/977 
f 930/1055/932 929/1054/931 974/1101/976 976/1103/978 
f 976/1103/978 974/1101/976 975/1102/977 977/1104/979 
f 978/1105/980 931/1056/933 930/1055/932 976/1103/978 
f 979/1106/981 978/1105/980 976/1103/978 977/1104/979 
f 980/1107/982 981/1108/983 982/1109/984 983/1110/985 
f 932/1057/934 931/1056/933 980/1107/982 983/1110/985 
f 984/1111/986 914/1038/916 933/1058/935 985/1112/987 
f 986/1113/988 984/1111/986 985/1112/987 987/1114/989 
f 988/1115/990 989/1116/991 936/1061/938 935/1060/937 
f 989/1116/991 988/1115/990 990/1117/992 991/1118/993 
f 989/1116/991 992/1119/994 939/1064/941 936/1061/938 
f 989/1116/991 991/1118/993 993/1120/995 992/1119/994 
f 994/1121/996 995/1122/997 945/1070/947 944/1069/946 
f 995/1122/997 994/1121/996 993/1123/995 996/1124/998 
f 995/1122/997 997/1125/999 947/1072/949 945/1070/947 
f 995/1122/997 996/1124/998 998/1126/1000 997/1125/999 
f 997/1125/999 999/1127/1001 949/1074/951 947/1072/949 
f 997/1125/999 998/1126/1000 1000/1128/1002 999/1127/1001 
f 999/1127/1001 1001/1129/1003 951/1076/953 949/1074/951 
f 1001/1129/1003 999/1127/1001 1000/1128/1002 1002/1130/1004 
f 1003/1131/1005 954/1079/956 953/1078/955 1004/1132/1006 
f 1003/1131/1005 1004/1132/1006 1002/1133/1004 1005/1134/1007 
f 957/1084/959 954/1083/956 1003/1135/1005 1006/1136/1008 
f 1003/1135/1005 1005/1137/1007 1007/1138/1009 1006/1136/1008 
f 1008/1139/1010 960/1087/962 957/1084/959 1006/1136/1008 
f 1008/1139/1010 1009/1140/1011 961/1088/963 960/1087/962 
f 1009/1140/1011 1008/1139/1010 1010/1141/1012 1011/1142/1013 
f 1012/1143/1014 1013/1144/1015 964/1091/966 963/1090/965 
f 1012/1143/1014 1011/1145/1013 1014/1146/1016 1013/1144/1015 
f 1013/1144/1015 1015/1147/1017 967/1094/969 964/1091/966 
f 1015/1147/1017 1013/1144/1015 1014/1146/1016 1016/1148/1018 
f 1015/1147/1017 1017/1149/1019 969/1096/971 967/1094/969 
f 1017/1149/1019 1015/1147/1017 1016/1148/1018 1018/1150/1020 
f 1019/1151/1021 1020/1152/1022 972/1099/974 971/1098/973 
f 1019/1151/1021 1018/1153/1020 1021/1154/1023 1020/1152/1022 
f 1020/1152/1022 1022/1155/1024 975/1102/977 972/1099/974 
f 1022/1155/1024 1020/1152/1022 1021/1154/1023 1023/1156/1025 
f 1022/1155/1024 1024/1157/1026 977/1104/979 975/1102/977 
f 1024/1157/1026 1022/1155/1024 1023/1156/1025 1025/1158/1027 
f 1024/1157/1026 1026/1159/1028 979/1106/981 977/1104/979 
f 1026/1159/1028 1024/1157/1026 1025/1158/1027 1027/1160/1029 
f 1028/1161/1030 1029/1162/1031 1027/1163/1029 1030/1164/1032 
f 1031/1165/1033 987/1114/989 982/1109/984 1028/1161/1030 
f 1031/1165/1033 1032/1166/1034 986/1113/988 987/1114/989 
f 1032/1166/1034 1031/1165/1033 1033/1167/1035 990/1168/992 
f 934/1059/936 914/1038/916 1034/1169/1036 1035/1170/1037 
f 1035/1170/1037 1034/1169/1036 1036/1171/1038 1037/1172/1039 
f 1037/1172/1039 935/1060/937 934/1059/936 1035/1170/1037 
f 1038/1173/1040 950/1075/952 951/1076/953 1039/1174/1041 
f 1038/1173/1040 1039/1174/1041 1040/1175/1042 1041/1176/1043 
f 1038/1173/1040 1041/1176/1043 920/1044/922 950/1075/952 
f 952/1077/954 920/1044/922 1041/1177/1043 1042/1178/1044 
f 1042/1178/1044 1041/1177/1043 1040/1179/1042 1043/1180/1045 
f 1043/1180/1045 953/1078/955 952/1077/954 1042/1178/1044 
f 1044/1181/1046 958/1085/960 961/1088/963 1045/1182/1047 
f 1044/1181/1046 1045/1182/1047 1046/1183/1048 1047/1184/1049 
f 1047/1184/1049 923/1048/925 958/1085/960 1044/1181/1046 
f 962/1089/964 923/1048/925 1047/1185/1049 1048/1186/1050 
f 1048/1186/1050 1047/1185/1049 1046/1187/1048 1049/1188/1051 
f 1049/1188/1051 963/1090/965 962/1089/964 1048/1186/1050 
f 1050/1189/1052 968/1095/970 969/1096/971 1051/1190/1053 
f 1050/1189/1052 1051/1190/1053 1052/1191/1054 1053/1192/1055 
f 1053/1192/1055 927/1052/929 968/1095/970 1050/1189/1052 
f 970/1097/972 927/1052/929 1053/1193/1055 1054/1194/1056 
f 1054/1194/1056 1053/1193/1055 1052/1195/1054 1055/1196/1057 
f 1055/1196/1057 971/1098/973 970/1097/972 1054/1194/1056 
f 1056/1197/1058 978/1105/980 979/1106/981 1057/1198/1059 
f 1056/1197/1058 1057/1198/1059 1058/1199/1060 1059/1200/1061 
f 1059/1200/1061 931/1056/933 978/1105/980 1056/1197/1058 
f 980/1107/982 931/1056/933 1059/1201/1061 1060/1202/1062 
f 1060/1202/1062 1059/1201/1061 1058/1203/1060 1061/1204/1063 
f 1061/1204/1063 981/1108/983 980/1107/982 1060/1202/1062 
f 1062/1205/1064 984/1111/986 986/1113/988 1063/1206/1065 
f 1062/1205/1064 1063/1206/1065 1036/1207/1038 1034/1208/1036 
f 1062/1205/1064 1034/1208/1036 914/1038/916 984/1111/986 
f 988/1115/990 935/1060/937 1037/1172/1039 1064/1209/1066 
f 1065/1210/1067 1064/1209/1066 1037/1172/1039 1036/1171/1038 
f 1065/1210/1067 990/1117/992 988/1115/990 1064/1209/1066 
f 992/1119/994 993/1120/995 1066/1211/1068 1067/1212/1069 
f 941/1066/943 938/1063/940 1067/1212/1069 1066/1211/1068 
f 1067/1212/1069 938/1063/940 939/1064/941 992/1119/994 
f 1068/1213/1070 994/1121/996 944/1069/946 942/1067/944 
f 1066/1214/1068 1068/1213/1070 942/1067/944 941/1066/943 
f 1066/1214/1068 993/1123/995 994/1121/996 1068/1213/1070 
f 1001/1129/1003 1002/1130/1004 1069/1215/1071 1070/1216/1072 
f 1070/1216/1072 1069/1215/1071 1040/1175/1042 1039/1174/1041 
f 1039/1174/1041 951/1076/953 1001/1129/1003 1070/1216/1072 
f 1004/1132/1006 953/1078/955 1043/1180/1045 1071/1217/1073 
f 1071/1217/1073 1043/1180/1045 1040/1179/1042 1069/1218/1071 
f 1069/1218/1071 1002/1133/1004 1004/1132/1006 1071/1217/1073 
f 1072/1219/1074 1009/1140/1011 1011/1142/1013 1073/1220/1075 
f 1072/1219/1074 1073/1220/1075 1046/1183/1048 1045/1182/1047 
f 1045/1182/1047 961/1088/963 1009/1140/1011 1072/1219/1074 
f 1012/1143/1014 963/1090/965 1049/1188/1051 1074/1221/1076 
f 1073/1222/1075 1074/1221/1076 1049/1188/1051 1046/1187/1048 
f 1073/1222/1075 1011/1145/1013 1012/1143/1014 1074/1221/1076 
f 1075/1223/1077 1017/1149/1019 1018/1150/1020 1076/1224/1078 
f 1075/1223/1077 1076/1224/1078 1052/1191/1054 1051/1190/1053 
f 1051/1190/1053 969/1096/971 1017/1149/1019 1075/1223/1077 
f 1019/1151/1021 971/1098/973 1055/1196/1057 1077/1225/1079 
f 1076/1226/1078 1077/1225/1079 1055/1196/1057 1052/1195/1054 
f 1076/1226/1078 1018/1153/1020 1019/1151/1021 1077/1225/1079 
f 1078/1227/1080 1026/1159/1028 1027/1160/1029 1079/1228/1081 
f 1078/1227/1080 1079/1228/1081 1058/1199/1060 1057/1198/1059 
f 1057/1198/1059 979/1106/981 1026/1159/1028 1078/1227/1080 
f 1029/1162/1031 981/1108/983 1061/1204/1063 1080/1229/1082 
f 1079/1230/1081 1080/1229/1082 1061/1204/1063 1058/1203/1060 
f 1079/1230/1081 1027/1163/1029 1029/1162/1031 1080/1229/1082 
f 1032/1166/1034 990/1168/992 1065/1231/1067 1081/1232/1083 
f 1081/1232/1083 1065/1231/1067 1036/1207/1038 1063/1206/1065 
f 1063/1206/1065 986/1113/988 1032/1166/1034 1081/1232/1083 
f 1033/1167/1035 1082/1233/1084 1083/1234/1085 990/1168/992 
f 1084/1235/1086 1083/1234/1085 1082/1233/1084 1085/1236/1087 
f 1030/1164/1032 1086/1237/1088 1082/1233/1084 1033/1167/1035 
f 1082/1233/1084 1086/1237/1088 1087/1238/1089 1085/1236/1087 
f 1087/1238/1089 1086/1237/1088 1088/1239/1090 1089/1240/1091 
f 1090/1241/1092 1088/1242/1090 1027/1160/1029 1025/1158/1027 
f 1088/1242/1090 1090/1241/1092 1091/1243/1093 1089/1244/1091 
f 1092/1245/1094 1090/1241/1092 1025/1158/1027 1023/1156/1025 
f 1090/1241/1092 1092/1245/1094 1093/1246/1095 1091/1243/1093 
f 1094/1247/1096 1092/1245/1094 1023/1156/1025 1021/1154/1023 
f 1092/1245/1094 1094/1247/1096 1095/1248/1097 1093/1246/1095 
f 1018/1153/1020 1096/1249/1098 1094/1247/1096 1021/1154/1023 
f 1096/1250/1098 1097/1251/1099 1098/1252/1100 1099/1253/1101 
f 1100/1254/1102 1097/1251/1099 1016/1148/1018 1014/1146/1016 
f 1097/1251/1099 1100/1254/1102 1101/1255/1103 1098/1252/1100 
f 1102/1256/1104 1100/1254/1102 1014/1146/1016 1011/1145/1013 
f 1100/1254/1102 1102/1256/1104 1103/1257/1105 1101/1255/1103 
f 1104/1258/1106 1102/1259/1104 1011/1142/1013 1010/1141/1012 
f 1102/1259/1104 1104/1258/1106 1105/1260/1107 1103/1261/1105 
f 1007/1138/1009 1106/1262/1108 1104/1258/1106 1010/1141/1012 
f 1104/1258/1106 1106/1262/1108 1107/1263/1109 1105/1260/1107 
f 1107/1263/1109 1106/1262/1108 1108/1264/1110 1109/1265/1111 
f 1110/1266/1112 1108/1267/1110 1005/1134/1007 1002/1133/1004 
f 1108/1267/1110 1110/1266/1112 1111/1268/1113 1109/1269/1111 
f 1112/1270/1114 1110/1271/1112 1002/1130/1004 1000/1128/1002 
f 1110/1271/1112 1112/1270/1114 1113/1272/1115 1111/1273/1113 
f 1114/1274/1116 1112/1270/1114 1000/1128/1002 998/1126/1000 
f 1112/1270/1114 1114/1274/1116 1115/1275/1117 1113/1272/1115 
f 1116/1276/1118 1114/1274/1116 998/1126/1000 996/1124/998 
f 1114/1274/1116 1116/1276/1118 1117/1277/1119 1115/1275/1117 
f 1118/1278/1120 1116/1276/1118 996/1124/998 993/1123/995 
f 1116/1276/1118 1118/1278/1120 1119/1279/1121 1117/1277/1119 
f 1120/1280/1122 1118/1281/1120 993/1120/995 991/1118/993 
f 1119/1282/1121 1118/1281/1120 1120/1280/1122 1121/1283/1123 
f 1083/1284/1085 1120/1280/1122 991/1118/993 990/1117/992 
f 1120/1280/1122 1083/1284/1085 1084/1285/1086 1121/1283/1123 
f 983/1110/985 982/1109/984 987/1114/989 985/1112/987 
f 932/1057/934 983/1110/985 985/1112/987 933/1058/935 
f 1029/1162/1031 1028/1161/1030 982/1109/984 981/1108/983 
f 1028/1161/1030 1030/1164/1032 1033/1167/1035 1031/1165/1033 
f 1088/1239/1090 1086/1237/1088 1030/1164/1032 1027/1163/1029 
f 1122/1286/1124 1117/1277/1119 1119/1279/1121 
f 1105/1260/1107 1107/1263/1109 1123/1287/1125 
f 1111/1268/1113 1124/1288/1126 1125/1289/1127 1109/1269/1111 
f 1113/1272/1115 1126/1290/1128 1124/1291/1126 1111/1273/1113 
f 1115/1275/1117 1127/1292/1129 1126/1290/1128 1113/1272/1115 
f 1117/1277/1119 1122/1286/1124 1127/1292/1129 1115/1275/1117 
f 1128/1293/1130 1121/1283/1123 1084/1285/1086 1129/1294/1131 
f 1130/1295/1132 1128/1293/1130 1129/1294/1131 1131/1296/1133 
f 1132/1297/1134 1130/1298/1132 1131/1299/1133 1133/1300/1135 
f 1134/1301/1136 1132/1297/1134 1133/1300/1135 1135/1302/1137 
f 1136/1303/1138 1134/1301/1136 1135/1302/1137 1137/1304/1139 
f 1138/1305/1140 1136/1306/1138 1137/1307/1139 1139/1308/1141 
f 1138/1309/1140 1103/1261/1105 1105/1260/1107 1123/1287/1125 
f 1134/1301/1136 1136/1303/1138 1125/1310/1127 1124/1311/1126 
f 1132/1297/1134 1134/1301/1136 1124/1311/1126 1126/1312/1128 
f 1130/1298/1132 1132/1297/1134 1126/1312/1128 1127/1313/1129 
f 1128/1293/1130 1130/1295/1132 1127/1314/1129 1122/1315/1124 
f 1119/1282/1121 1121/1283/1123 1128/1293/1130 1122/1315/1124 
f 1085/1236/1087 1087/1238/1089 1140/1316/1142 
f 1087/1238/1089 1089/1240/1091 1141/1317/1143 
f 1142/1318/1144 1141/1319/1143 1089/1244/1091 1091/1243/1093 
f 1143/1320/1145 1142/1318/1144 1091/1243/1093 1093/1246/1095 
f 1095/1248/1097 1144/1321/1146 1143/1320/1145 1093/1246/1095 
f 1144/1321/1146 1095/1248/1097 1099/1322/1101 
f 1139/1308/1141 1145/1323/1147 1098/1252/1100 1101/1255/1103 
f 1135/1302/1137 1146/1324/1148 1147/1325/1149 1137/1304/1139 
f 1133/1300/1135 1148/1326/1150 1146/1324/1148 1135/1302/1137 
f 1131/1299/1133 1149/1327/1151 1148/1326/1150 1133/1300/1135 
f 1129/1328/1131 1140/1316/1142 1149/1329/1151 1131/1330/1133 
f 1085/1236/1087 1140/1316/1142 1129/1328/1131 1084/1235/1086 
f 1150/1331/1152 865/986/867 869/992/871 1151/1332/1153 
f 865/986/867 866/989/868 870/993/872 869/992/871 
f 866/989/868 900/1024/902 902/1026/904 870/993/872 
f 900/1024/902 922/1047/924 924/1049/926 902/1026/904 
f 922/1047/924 956/1082/958 959/1086/961 924/1049/926 
f 956/1082/958 957/1084/959 960/1087/962 959/1086/961 
f 1006/1136/1008 1007/1138/1009 1010/1141/1012 1008/1139/1010 
f 1106/1262/1108 1007/1138/1009 1005/1137/1007 1108/1264/1110 
f 1125/1333/1127 1123/1287/1125 1107/1263/1109 1109/1265/1111 
f 1103/1257/1105 1138/1305/1140 1139/1308/1141 1101/1255/1103 
f 1136/1334/1138 1138/1309/1140 1123/1287/1125 1125/1333/1127 
f 1145/1323/1147 1139/1308/1141 1137/1307/1139 1147/1335/1149 
f 940/1065/942 943/1068/945 917/1041/919 916/1040/918 
f 937/1062/939 940/1065/942 916/1040/918 915/1039/917 
f 1094/1247/1096 1096/1249/1098 1099/1322/1101 1095/1248/1097 
f 1097/1251/1099 1096/1250/1098 1018/1150/1020 1016/1148/1018 
f 1099/1253/1101 1098/1252/1100 1145/1323/1147 
f 1143/1320/1145 1144/1321/1146 1147/1325/1149 1146/1324/1148 
f 1142/1318/1144 1143/1320/1145 1146/1324/1148 1148/1326/1150 
f 1141/1319/1143 1142/1318/1144 1148/1326/1150 1149/1327/1151 
f 1087/1238/1089 1141/1317/1143 1149/1329/1151 1140/1316/1142 
f 1147/1335/1149 1144/1336/1146 1099/1253/1101 1145/1323/1147 
f 1152/1337/1154 862/983/864 1153/1338/1155 
f 861/982/863 1154/1339/1156 1153/1338/1155 862/983/864 
f 865/986/867 1150/1331/1152 1154/1340/1156 861/987/863 
f 868/991/870 1155/1341/1157 1151/1332/1153 869/992/871 
f 872/995/874 1156/1342/1158 1155/1341/1157 868/991/870 
f 1157/1343/1159 1156/1342/1158 872/995/874 874/997/876 
f 1158/1344/1160 1157/1343/1159 874/997/876 876/999/878 
f 880/1003/882 1158/1344/1160 876/999/878 878/1001/880 
f 1159/1345/1161 1160/1346/1162 887/1010/889 886/1009/888 
f 891/1014/893 1161/1347/1163 1159/1345/1161 886/1009/888 
f 893/1016/895 1162/1348/1164 1161/1347/1163 891/1014/893 
f 895/1018/897 1163/1349/1165 1162/1348/1164 893/1016/895 
f 897/1020/899 1164/1350/1166 1163/1349/1165 895/1018/897 
f 1152/1337/1154 897/1020/899 863/984/865 862/983/864 
f 1164/1350/1166 897/1020/899 1152/1337/1154 
f 1165/1351/1167 881/1004/883 879/1002/881 909/1033/911 
f 1166/1352/1168 1165/1351/1167 909/1033/911 911/1035/913 
f 882/1005/884 1166/1352/1168 911/1035/913 883/1006/885 
f 1160/1346/1162 885/1008/887 884/1007/886 887/1010/889 
s 512
f 1167/1353/1169 1152/1354/1170 1153/1355/1171 1168/1356/1172 
f 1168/1356/1172 1153/1355/1171 1154/1357/1173 1169/1358/1174 
f 1169/1358/1174 1154/1357/1173 1150/1359/1175 1170/1360/1176 
f 1171/1361/1177 1151/1362/1178 1155/1363/1179 1172/1364/1180 
f 1172/1364/1180 1155/1363/1179 1156/1365/1181 1173/1366/1182 
f 1173/1366/1182 1156/1365/1181 1157/1367/1183 1174/1368/1184 
f 1174/1368/1184 1157/1367/1183 1158/1369/1185 1175/1370/1186 
f 1175/1370/1186 1158/1369/1185 880/1371/1187 1176/1372/1188 
f 880/1371/1187 1177/1373/1189 1176/1372/1188 
f 1178/1374/1190 1160/1375/1191 1159/1376/1192 1179/1377/1193 
f 1179/1377/1193 1159/1376/1192 1161/1378/1194 1180/1379/1195 
f 1180/1379/1195 1161/1378/1194 1162/1380/1196 1181/1381/1197 
f 1181/1381/1197 1162/1380/1196 1163/1382/1198 1182/1383/1199 
f 1182/1383/1199 1163/1382/1198 1164/1384/1200 1183/1385/1201 
f 1167/1353/1169 1183/1385/1201 1164/1384/1200 1152/1354/1170 
f 1177/1373/1189 880/1371/1187 881/1386/1202 1184/1387/1203 
f 1184/1387/1203 881/1386/1202 1165/1388/1204 1185/1389/1205 
f 1185/1389/1205 1165/1388/1204 1166/1390/1206 1186/1391/1207 
f 1186/1391/1207 1166/1390/1206 882/1392/1208 1187/1393/1209 
f 1188/1394/1210 1187/1393/1209 882/1392/1208 885/1395/1211 
f 1178/1374/1190 1188/1394/1210 885/1395/1211 1160/1375/1191 
f 1171/1361/1177 1170/1360/1176 1150/1359/1175 1151/1362/1178 
f 1167/1353/1169 1168/1356/1172 1189/1396/1212 1190/1397/1213 
f 1168/1356/1172 1169/1358/1174 1191/1398/1214 1189/1396/1212 
f 1169/1358/1174 1170/1360/1176 1192/1399/1215 1191/1398/1214 
f 1171/1361/1177 1172/1364/1180 1193/1400/1216 1194/1401/1216 
f 1172/1364/1180 1173/1366/1182 1195/1402/1217 1193/1400/1216 
f 1173/1366/1182 1174/1368/1184 1196/1403/1218 1195/1402/1217 
f 1174/1368/1184 1175/1370/1186 1197/1404/1219 1196/1403/1218 
f 1175/1370/1186 1176/1372/1188 1198/1405/1220 1197/1404/1219 
f 1176/1372/1188 1177/1373/1189 1199/1406/1221 1198/1405/1220 
f 1178/1374/1190 1179/1377/1193 1200/1407/1222 1201/1408/1223 
f 1200/1407/1222 1179/1377/1193 1180/1379/1195 1202/1409/1224 
f 1202/1409/1224 1180/1379/1195 1181/1381/1197 1203/1410/1225 
f 1181/1381/1197 1182/1383/1199 1204/1411/1226 1203/1410/1225 
f 1182/1383/1199 1183/1385/1201 1205/1412/1227 1204/1411/1226 
f 1205/1412/1227 1183/1385/1201 1167/1353/1169 1190/1397/1213 
f 1199/1406/1221 1177/1373/1189 1184/1387/1203 1206/1413/1228 
f 1184/1387/1203 1185/1389/1205 1207/1414/1229 1206/1413/1228 
f 1185/1389/1205 1186/1391/1207 1208/1415/1230 1207/1414/1229 
f 1186/1391/1207 1187/1393/1209 1209/1416/1231 1208/1415/1230 
f 1209/1416/1231 1187/1393/1209 1188/1394/1210 1210/1417/1232 
f 1210/1417/1232 1188/1394/1210 1178/1374/1190 1201/1408/1223 
f 1170/1360/1176 1171/1361/1177 1194/1401/1216 1192/1399/1215 
f 1211/1418/1233 1212/1419/1234 1213/1420/1235 
f 1214/1421/1236 1212/1419/1234 1211/1418/1233 
f 1215/1422/1237 1212/1419/1234 1214/1421/1236 
f 1216/1423/1238 1212/1419/1234 1217/1424/1239 
f 1218/1425/1240 1212/1419/1234 1216/1423/1238 
f 1219/1426/1241 1212/1419/1234 1218/1425/1240 
f 1220/1427/1242 1212/1419/1234 1219/1426/1241 
f 1221/1428/1243 1212/1419/1234 1220/1427/1242 
f 1222/1429/1244 1212/1419/1234 1221/1428/1243 
f 1223/1430/1245 1212/1419/1234 1224/1431/1246 
f 1225/1432/1247 1212/1419/1234 1223/1430/1245 
f 1226/1433/1248 1212/1419/1234 1225/1432/1247 
f 1227/1434/1249 1212/1419/1234 1226/1433/1248 
f 1228/1435/1250 1212/1419/1234 1227/1434/1249 
f 1213/1420/1235 1212/1419/1234 1228/1435/1250 
f 1229/1436/1251 1212/1419/1234 1222/1429/1244 
f 1230/1437/1252 1212/1419/1234 1229/1436/1251 
f 1231/1438/1253 1212/1419/1234 1230/1437/1252 
f 1232/1439/1254 1212/1419/1234 1231/1438/1253 
f 1233/1440/1255 1212/1419/1234 1232/1439/1254 
f 1224/1431/1246 1212/1419/1234 1233/1440/1255 
f 1217/1424/1239 1212/1419/1234 1215/1422/1237 
f 1211/1418/1233 1213/1420/1235 1234/1441/1256 1235/1442/1257 
f 1214/1421/1236 1211/1418/1233 1235/1442/1257 1236/1443/1258 
f 1215/1422/1237 1214/1421/1236 1236/1443/1258 1237/1444/1259 
f 1217/1424/1239 1215/1422/1237 1237/1444/1259 1238/1445/1260 
f 1216/1423/1238 1217/1424/1239 1238/1445/1260 1239/1446/1261 
f 1218/1425/1240 1216/1423/1238 1239/1446/1261 1240/1447/1262 
f 1219/1426/1241 1218/1425/1240 1240/1447/1262 1241/1448/1263 
f 1220/1427/1242 1219/1426/1241 1241/1448/1263 1242/1449/1264 
f 1221/1428/1243 1220/1427/1242 1242/1449/1264 1243/1450/1265 
f 1222/1429/1244 1221/1428/1243 1243/1450/1265 1244/1451/1266 
f 1229/1436/1251 1222/1429/1244 1244/1451/1266 1245/1452/1267 
f 1230/1437/1252 1229/1436/1251 1245/1452/1267 1246/1453/1268 
f 1231/1438/1253 1230/1437/1252 1246/1453/1268 1247/1454/1269 
f 1232/1439/1254 1231/1438/1253 1247/1454/1269 1248/1455/1270 
f 1233/1440/1255 1232/1439/1254 1248/1455/1270 1249/1456/1271 
f 1224/1431/1246 1233/1440/1255 1249/1456/1271 1250/1457/1272 
f 1223/1430/1245 1224/1431/1246 1250/1457/1272 1251/1458/1273 
f 1225/1432/1247 1223/1430/1245 1251/1458/1273 1252/1459/1274 
f 1226/1433/1248 1225/1432/1247 1252/1459/1274 1253/1460/1275 
f 1227/1434/1249 1226/1433/1248 1253/1460/1275 1254/1461/1276 
f 1228/1435/1250 1227/1434/1249 1254/1461/1276 1255/1462/1277 
f 1213/1420/1235 1228/1435/1250 1255/1462/1277 1234/1441/1256 
f 1190/1397/1213 1189/1396/1212 1256/1463/1278 1257/1464/1279 
f 1256/1463/1278 1189/1396/1212 1191/1398/1214 1258/1465/1280 
f 1191/1398/1214 1192/1399/1215 1259/1466/1281 1258/1465/1280 
f 1194/1401/1216 1193/1400/1216 1260/1467/1282 1261/1468/1283 
f 1193/1400/1216 1195/1402/1217 1262/1469/1284 1260/1467/1282 
f 1195/1402/1217 1196/1403/1218 1263/1470/1285 1262/1469/1284 
f 1263/1470/1285 1196/1403/1218 1197/1404/1219 1264/1471/1286 
f 1197/1404/1219 1198/1405/1220 1265/1472/1287 1264/1471/1286 
f 1198/1405/1220 1199/1406/1221 1266/1473/1288 1265/1472/1287 
f 1201/1408/1223 1200/1407/1222 1267/1474/1289 1268/1475/1290 
f 1267/1474/1289 1200/1407/1222 1202/1409/1224 1269/1476/1291 
f 1269/1476/1291 1202/1409/1224 1203/1410/1225 1270/1477/1292 
f 1270/1477/1292 1203/1410/1225 1204/1411/1226 1271/1478/1293 
f 1204/1411/1226 1205/1412/1227 1272/1479/1294 1271/1478/1293 
f 1205/1412/1227 1190/1397/1213 1257/1464/1279 1272/1479/1294 
f 1266/1473/1288 1199/1406/1221 1206/1413/1228 1273/1480/1295 
f 1273/1480/1295 1206/1413/1228 1207/1414/1229 1274/1481/1296 
f 1274/1481/1296 1207/1414/1229 1208/1415/1230 1275/1482/1297 
f 1275/1482/1297 1208/1415/1230 1209/1416/1231 1276/1483/1298 
f 1209/1416/1231 1210/1417/1232 1277/1484/1299 1276/1483/1298 
f 1210/1417/1232 1201/1408/1223 1268/1475/1290 1277/1484/1299 
f 1192/1399/1215 1194/1401/1216 1261/1468/1283 1259/1466/1281 
f 1257/1464/1279 1256/1463/1278 1235/1442/1257 1234/1441/1256 
f 1235/1442/1257 1256/1463/1278 1258/1465/1280 1236/1443/1258 
f 1236/1443/1258 1258/1465/1280 1259/1466/1281 1237/1444/1259 
f 1261/1468/1283 1260/1467/1282 1239/1446/1261 1238/1445/1260 
f 1239/1446/1261 1260/1467/1282 1262/1469/1284 1240/1447/1262 
f 1262/1469/1284 1263/1470/1285 1241/1448/1263 1240/1447/1262 
f 1241/1448/1263 1263/1470/1285 1264/1471/1286 1242/1449/1264 
f 1264/1471/1286 1265/1472/1287 1243/1450/1265 1242/1449/1264 
f 1265/1472/1287 1266/1473/1288 1244/1451/1266 1243/1450/1265 
f 1268/1475/1290 1267/1474/1289 1251/1458/1273 1250/1457/1272 
f 1251/1458/1273 1267/1474/1289 1269/1476/1291 1252/1459/1274 
f 1269/1476/1291 1270/1477/1292 1253/1460/1275 1252/1459/1274 
f 1253/1460/1275 1270/1477/1292 1271/1478/1293 1254/1461/1276 
f 1254/1461/1276 1271/1478/1293 1272/1479/1294 1255/1462/1277 
f 1272/1479/1294 1257/1464/1279 1234/1441/1256 1255/1462/1277 
f 1244/1451/1266 1266/1473/1288 1273/1480/1295 1245/1452/1267 
f 1245/1452/1267 1273/1480/1295 1274/1481/1296 1246/1453/1268 
f 1246/1453/1268 1274/1481/1296 1275/1482/1297 1247/1454/1269 
f 1247/1454/1269 1275/1482/1297 1276/1483/1298 1248/1455/1270 
f 1276/1483/1298 1277/1484/1299 1249/1456/1271 1248/1455/1270 
f 1277/1484/1299 1268/1475/1290 1250/1457/1272 1249/1456/1271 
f 1259/1466/1281 1261/1468/1283 1238/1445/1260 1237/1444/1259 
f 1278/984/1300 1279/983/1301 1280/982/1302 1281/985/1303 
f 1281/988/1303 1280/987/1302 1282/986/1304 1283/989/1305 
f 1284/992/1306 1285/991/1307 1286/990/1308 1287/993/1309 
f 1285/991/1307 1288/995/1310 1289/994/1311 1286/990/1308 
f 1288/995/1310 1290/997/1312 1291/996/1313 1289/994/1311 
f 1290/997/1312 1292/999/1314 1293/998/1315 1291/996/1313 
f 1292/999/1314 1294/1001/1316 1295/1000/1317 1293/998/1315 
f 1294/1001/1316 1296/1003/1318 1297/1002/1319 1295/1000/1317 
f 1296/1003/1318 1298/1004/1320 1297/1002/1319 
f 1299/1007/1321 1300/1006/1322 1301/1005/1323 1302/1008/1324 
f 1303/1011/1325 1304/1010/1326 1305/1009/1327 1306/1012/1328 
f 1305/1009/1327 1307/1014/1329 1308/1013/1330 1306/1012/1328 
f 1307/1014/1329 1309/1016/1331 1310/1015/1332 1308/1013/1330 
f 1309/1016/1331 1311/1018/1333 1312/1017/1334 1310/1015/1332 
f 1311/1018/1333 1313/1020/1335 1314/1019/1336 1312/1017/1334 
f 1313/1020/1335 1278/984/1300 1315/1021/1337 1314/1019/1336 
f 1315/1021/1337 1278/984/1300 1281/985/1303 1316/1022/1338 
f 1316/1023/1338 1281/988/1303 1283/989/1305 1317/1024/1339 
f 1287/993/1309 1286/990/1308 1318/1025/1340 1319/1026/1341 
f 1286/990/1308 1289/994/1311 1320/1027/1342 1318/1025/1340 
f 1289/994/1311 1291/996/1313 1321/1028/1343 1320/1027/1342 
f 1291/996/1313 1293/998/1315 1322/1029/1344 1321/1028/1343 
f 1293/998/1315 1295/1000/1317 1323/1030/1345 1322/1029/1344 
f 1295/1000/1317 1297/1002/1319 1324/1031/1346 1323/1030/1345 
f 1297/1002/1319 1325/1033/1347 1326/1032/1348 1324/1031/1346 
f 1325/1033/1347 1327/1035/1349 1328/1034/1350 1326/1032/1348 
f 1327/1035/1349 1300/1006/1322 1329/1036/1351 1328/1034/1350 
f 1330/1037/1352 1329/1036/1351 1300/1006/1322 1299/1007/1321 
f 1299/1007/1321 1304/1010/1326 1303/1011/1325 1330/1037/1352 
f 1331/1038/1353 1303/1011/1325 1306/1012/1328 1332/1039/1354 
f 1306/1012/1328 1308/1013/1330 1333/1040/1355 1332/1039/1354 
f 1308/1013/1330 1310/1015/1332 1334/1041/1356 1333/1040/1355 
f 1310/1015/1332 1312/1017/1334 1335/1042/1357 1334/1041/1356 
f 1312/1017/1334 1314/1019/1336 1336/1043/1358 1335/1042/1357 
f 1314/1019/1336 1315/1021/1337 1337/1044/1359 1336/1043/1358 
f 1337/1044/1359 1315/1021/1337 1316/1022/1338 1338/1045/1360 
f 1338/1046/1360 1316/1023/1338 1317/1024/1339 1339/1047/1361 
f 1319/1026/1341 1318/1025/1340 1340/1048/1362 1341/1049/1363 
f 1318/1025/1340 1320/1027/1342 1342/1050/1364 1340/1048/1362 
f 1320/1027/1342 1321/1028/1343 1343/1051/1365 1342/1050/1364 
f 1321/1028/1343 1322/1029/1344 1344/1052/1366 1343/1051/1365 
f 1322/1029/1344 1323/1030/1345 1345/1053/1367 1344/1052/1366 
f 1323/1030/1345 1324/1031/1346 1346/1054/1368 1345/1053/1367 
f 1324/1031/1346 1326/1032/1348 1347/1055/1369 1346/1054/1368 
f 1326/1032/1348 1328/1034/1350 1348/1056/1370 1347/1055/1369 
f 1328/1034/1350 1329/1036/1351 1349/1057/1371 1348/1056/1370 
f 1350/1058/1372 1349/1057/1371 1329/1036/1351 1330/1037/1352 
f 1330/1037/1352 1303/1011/1325 1331/1038/1353 1350/1058/1372 
f 1351/1061/1373 1352/1060/1374 1353/1059/1375 1354/1062/1376 
f 1332/1039/1354 1354/1062/1376 1353/1059/1375 1331/1038/1353 
f 1351/1061/1373 1354/1062/1376 1355/1063/1377 1356/1064/1378 
f 1355/1063/1377 1354/1062/1376 1357/1065/1379 1358/1066/1380 
f 1357/1065/1379 1359/1068/1381 1360/1067/1382 1358/1066/1380 
f 1361/1070/1383 1362/1069/1384 1360/1067/1382 1359/1068/1381 
f 1334/1041/1356 1335/1042/1357 1363/1071/1385 1359/1068/1381 
f 1359/1068/1381 1363/1071/1385 1364/1072/1386 1361/1070/1383 
f 1335/1042/1357 1336/1043/1358 1365/1073/1387 1363/1071/1385 
f 1364/1072/1386 1363/1071/1385 1365/1073/1387 1366/1074/1388 
f 1336/1043/1358 1337/1044/1359 1367/1075/1389 1365/1073/1387 
f 1365/1073/1387 1367/1075/1389 1368/1076/1390 1366/1074/1388 
f 1369/1079/1391 1370/1078/1392 1371/1077/1393 1372/1080/1394 
f 1338/1045/1360 1372/1080/1394 1371/1077/1393 1337/1044/1359 
f 1372/1081/1394 1338/1046/1360 1339/1047/1361 1373/1082/1395 
f 1369/1083/1391 1372/1081/1394 1373/1082/1395 1374/1084/1396 
f 1341/1049/1363 1340/1048/1362 1375/1085/1397 1376/1086/1398 
f 1377/1087/1399 1376/1086/1398 1375/1085/1397 1378/1088/1400 
f 1379/1091/1401 1380/1090/1402 1381/1089/1403 1382/1092/1404 
f 1342/1050/1364 1382/1092/1404 1381/1089/1403 1340/1048/1362 
f 1382/1092/1404 1342/1050/1364 1343/1051/1365 1383/1093/1405 
f 1379/1091/1401 1382/1092/1404 1383/1093/1405 1384/1094/1406 
f 1343/1051/1365 1344/1052/1366 1385/1095/1407 1383/1093/1405 
f 1383/1093/1405 1385/1095/1407 1386/1096/1408 1384/1094/1406 
f 1387/1099/1409 1388/1098/1410 1389/1097/1411 1390/1100/1412 
f 1345/1053/1367 1390/1100/1412 1389/1097/1411 1344/1052/1366 
f 1390/1100/1412 1345/1053/1367 1346/1054/1368 1391/1101/1413 
f 1387/1099/1409 1390/1100/1412 1391/1101/1413 1392/1102/1414 
f 1391/1101/1413 1346/1054/1368 1347/1055/1369 1393/1103/1415 
f 1392/1102/1414 1391/1101/1413 1393/1103/1415 1394/1104/1416 
f 1347/1055/1369 1348/1056/1370 1395/1105/1417 1393/1103/1415 
f 1393/1103/1415 1395/1105/1417 1396/1106/1418 1394/1104/1416 
f 1397/1109/1419 1398/1108/1420 1399/1107/1421 1400/1110/1422 
f 1399/1107/1421 1348/1056/1370 1349/1057/1371 1400/1110/1422 
f 1350/1058/1372 1331/1038/1353 1401/1111/1423 1402/1112/1424 
f 1402/1112/1424 1401/1111/1423 1403/1113/1425 1404/1114/1426 
f 1351/1061/1373 1405/1116/1427 1406/1115/1428 1352/1060/1374 
f 1407/1117/1429 1406/1115/1428 1405/1116/1427 1408/1118/1430 
f 1356/1064/1378 1409/1119/1431 1405/1116/1427 1351/1061/1373 
f 1410/1120/1432 1408/1118/1430 1405/1116/1427 1409/1119/1431 
f 1361/1070/1383 1411/1122/1433 1412/1121/1434 1362/1069/1384 
f 1410/1123/1432 1412/1121/1434 1411/1122/1433 1413/1124/1435 
f 1364/1072/1386 1414/1125/1436 1411/1122/1433 1361/1070/1383 
f 1415/1126/1437 1413/1124/1435 1411/1122/1433 1414/1125/1436 
f 1366/1074/1388 1416/1127/1438 1414/1125/1436 1364/1072/1386 
f 1417/1128/1439 1415/1126/1437 1414/1125/1436 1416/1127/1438 
f 1368/1076/1390 1418/1129/1440 1416/1127/1438 1366/1074/1388 
f 1417/1128/1439 1416/1127/1438 1418/1129/1440 1419/1130/1441 
f 1370/1078/1392 1369/1079/1391 1420/1131/1442 1421/1132/1443 
f 1419/1133/1441 1421/1132/1443 1420/1131/1442 1422/1134/1444 
f 1420/1135/1442 1369/1083/1391 1374/1084/1396 1423/1136/1445 
f 1424/1138/1446 1422/1137/1444 1420/1135/1442 1423/1136/1445 
f 1374/1084/1396 1377/1087/1399 1425/1139/1447 1423/1136/1445 
f 1378/1088/1400 1426/1140/1448 1425/1139/1447 1377/1087/1399 
f 1427/1141/1449 1425/1139/1447 1426/1140/1448 1428/1142/1450 
f 1379/1091/1401 1429/1144/1451 1430/1143/1452 1380/1090/1402 
f 1431/1146/1453 1428/1145/1450 1430/1143/1452 1429/1144/1451 
f 1384/1094/1406 1432/1147/1454 1429/1144/1451 1379/1091/1401 
f 1431/1146/1453 1429/1144/1451 1432/1147/1454 1433/1148/1455 
f 1386/1096/1408 1434/1149/1456 1432/1147/1454 1384/1094/1406 
f 1433/1148/1455 1432/1147/1454 1434/1149/1456 1435/1150/1457 
f 1387/1099/1409 1436/1152/1458 1437/1151/1459 1388/1098/1410 
f 1438/1154/1460 1435/1153/1457 1437/1151/1459 1436/1152/1458 
f 1392/1102/1414 1439/1155/1461 1436/1152/1458 1387/1099/1409 
f 1438/1154/1460 1436/1152/1458 1439/1155/1461 1440/1156/1462 
f 1394/1104/1416 1441/1157/1463 1439/1155/1461 1392/1102/1414 
f 1440/1156/1462 1439/1155/1461 1441/1157/1463 1442/1158/1464 
f 1396/1106/1418 1443/1159/1465 1441/1157/1463 1394/1104/1416 
f 1442/1158/1464 1441/1157/1463 1443/1159/1465 1444/1160/1466 
f 1444/1163/1466 1445/1162/1467 1446/1161/1468 1447/1164/1469 
f 1397/1109/1419 1404/1114/1426 1448/1165/1470 1446/1161/1468 
f 1403/1113/1425 1449/1166/1471 1448/1165/1470 1404/1114/1426 
f 1450/1167/1472 1448/1165/1470 1449/1166/1471 1407/1168/1429 
f 1451/1169/1473 1331/1038/1353 1353/1059/1375 1452/1170/1474 
f 1453/1171/1475 1451/1169/1473 1452/1170/1474 1454/1172/1476 
f 1353/1059/1375 1352/1060/1374 1454/1172/1476 1452/1170/1474 
f 1368/1076/1390 1367/1075/1389 1455/1173/1477 1456/1174/1478 
f 1457/1175/1479 1456/1174/1478 1455/1173/1477 1458/1176/1480 
f 1337/1044/1359 1458/1176/1480 1455/1173/1477 1367/1075/1389 
f 1458/1177/1480 1337/1044/1359 1371/1077/1393 1459/1178/1481 
f 1457/1179/1479 1458/1177/1480 1459/1178/1481 1460/1180/1482 
f 1371/1077/1393 1370/1078/1392 1460/1180/1482 1459/1178/1481 
f 1378/1088/1400 1375/1085/1397 1461/1181/1483 1462/1182/1484 
f 1463/1183/1485 1462/1182/1484 1461/1181/1483 1464/1184/1486 
f 1375/1085/1397 1340/1048/1362 1464/1184/1486 1461/1181/1483 
f 1464/1185/1486 1340/1048/1362 1381/1089/1403 1465/1186/1487 
f 1463/1187/1485 1464/1185/1486 1465/1186/1487 1466/1188/1488 
f 1381/1089/1403 1380/1090/1402 1466/1188/1488 1465/1186/1487 
f 1386/1096/1408 1385/1095/1407 1467/1189/1489 1468/1190/1490 
f 1469/1191/1491 1468/1190/1490 1467/1189/1489 1470/1192/1492 
f 1385/1095/1407 1344/1052/1366 1470/1192/1492 1467/1189/1489 
f 1470/1193/1492 1344/1052/1366 1389/1097/1411 1471/1194/1493 
f 1469/1195/1491 1470/1193/1492 1471/1194/1493 1472/1196/1494 
f 1389/1097/1411 1388/1098/1410 1472/1196/1494 1471/1194/1493 
f 1396/1106/1418 1395/1105/1417 1473/1197/1495 1474/1198/1496 
f 1475/1199/1497 1474/1198/1496 1473/1197/1495 1476/1200/1498 
f 1395/1105/1417 1348/1056/1370 1476/1200/1498 1473/1197/1495 
f 1476/1201/1498 1348/1056/1370 1399/1107/1421 1477/1202/1499 
f 1475/1203/1497 1476/1201/1498 1477/1202/1499 1478/1204/1500 
f 1399/1107/1421 1398/1108/1420 1478/1204/1500 1477/1202/1499 
f 1403/1113/1425 1401/1111/1423 1479/1205/1501 1480/1206/1502 
f 1453/1207/1475 1480/1206/1502 1479/1205/1501 1451/1208/1473 
f 1331/1038/1353 1451/1208/1473 1479/1205/1501 1401/1111/1423 
f 1454/1172/1476 1352/1060/1374 1406/1115/1428 1481/1209/1503 
f 1454/1172/1476 1481/1209/1503 1482/1210/1504 1453/1171/1475 
f 1406/1115/1428 1407/1117/1429 1482/1210/1504 1481/1209/1503 
f 1483/1211/1505 1410/1120/1432 1409/1119/1431 1484/1212/1506 
f 1484/1212/1506 1355/1063/1377 1358/1066/1380 1483/1211/1505 
f 1356/1064/1378 1355/1063/1377 1484/1212/1506 1409/1119/1431 
f 1362/1069/1384 1412/1121/1434 1485/1213/1507 1360/1067/1382 
f 1360/1067/1382 1485/1213/1507 1483/1214/1505 1358/1066/1380 
f 1412/1121/1434 1410/1123/1432 1483/1214/1505 1485/1213/1507 
f 1486/1215/1508 1419/1130/1441 1418/1129/1440 1487/1216/1509 
f 1457/1175/1479 1486/1215/1508 1487/1216/1509 1456/1174/1478 
f 1418/1129/1440 1368/1076/1390 1456/1174/1478 1487/1216/1509 
f 1460/1180/1482 1370/1078/1392 1421/1132/1443 1488/1217/1510 
f 1457/1179/1479 1460/1180/1482 1488/1217/1510 1486/1218/1508 
f 1421/1132/1443 1419/1133/1441 1486/1218/1508 1488/1217/1510 
f 1428/1142/1450 1426/1140/1448 1489/1219/1511 1490/1220/1512 
f 1463/1183/1485 1490/1220/1512 1489/1219/1511 1462/1182/1484 
f 1426/1140/1448 1378/1088/1400 1462/1182/1484 1489/1219/1511 
f 1466/1188/1488 1380/1090/1402 1430/1143/1452 1491/1221/1513 
f 1466/1188/1488 1491/1221/1513 1490/1222/1512 1463/1187/1485 
f 1430/1143/1452 1428/1145/1450 1490/1222/1512 1491/1221/1513 
f 1435/1150/1457 1434/1149/1456 1492/1223/1514 1493/1224/1515 
f 1469/1191/1491 1493/1224/1515 1492/1223/1514 1468/1190/1490 
f 1434/1149/1456 1386/1096/1408 1468/1190/1490 1492/1223/1514 
f 1472/1196/1494 1388/1098/1410 1437/1151/1459 1494/1225/1516 
f 1472/1196/1494 1494/1225/1516 1493/1226/1515 1469/1195/1491 
f 1437/1151/1459 1435/1153/1457 1493/1226/1515 1494/1225/1516 
f 1444/1160/1466 1443/1159/1465 1495/1227/1517 1496/1228/1518 
f 1475/1199/1497 1496/1228/1518 1495/1227/1517 1474/1198/1496 
f 1443/1159/1465 1396/1106/1418 1474/1198/1496 1495/1227/1517 
f 1478/1204/1500 1398/1108/1420 1445/1162/1467 1497/1229/1519 
f 1478/1204/1500 1497/1229/1519 1496/1230/1518 1475/1203/1497 
f 1445/1162/1467 1444/1163/1466 1496/1230/1518 1497/1229/1519 
f 1482/1231/1504 1407/1168/1429 1449/1166/1471 1498/1232/1520 
f 1453/1207/1475 1482/1231/1504 1498/1232/1520 1480/1206/1502 
f 1449/1166/1471 1403/1113/1425 1480/1206/1502 1498/1232/1520 
f 1499/1234/1521 1500/1233/1522 1450/1167/1472 1407/1168/1429 
f 1500/1233/1522 1499/1234/1521 1501/1235/1523 1502/1236/1524 
f 1500/1233/1522 1503/1237/1525 1447/1164/1469 1450/1167/1472 
f 1504/1238/1526 1503/1237/1525 1500/1233/1522 1502/1236/1524 
f 1505/1239/1527 1503/1237/1525 1504/1238/1526 1506/1240/1528 
f 1444/1160/1466 1505/1242/1527 1507/1241/1529 1442/1158/1464 
f 1508/1243/1530 1507/1241/1529 1505/1242/1527 1506/1244/1528 
f 1442/1158/1464 1507/1241/1529 1509/1245/1531 1440/1156/1462 
f 1510/1246/1532 1509/1245/1531 1507/1241/1529 1508/1243/1530 
f 1440/1156/1462 1509/1245/1531 1511/1247/1533 1438/1154/1460 
f 1512/1248/1534 1511/1247/1533 1509/1245/1531 1510/1246/1532 
f 1511/1247/1533 1513/1249/1535 1435/1153/1457 1438/1154/1460 
f 1514/1252/1536 1515/1251/1537 1513/1250/1535 1516/1253/1538 
f 1433/1148/1455 1515/1251/1537 1517/1254/1539 1431/1146/1453 
f 1518/1255/1540 1517/1254/1539 1515/1251/1537 1514/1252/1536 
f 1431/1146/1453 1517/1254/1539 1519/1256/1541 1428/1145/1450 
f 1520/1257/1542 1519/1256/1541 1517/1254/1539 1518/1255/1540 
f 1428/1142/1450 1519/1259/1541 1521/1258/1543 1427/1141/1449 
f 1522/1260/1544 1521/1258/1543 1519/1259/1541 1520/1261/1542 
f 1521/1258/1543 1523/1262/1545 1424/1138/1446 1427/1141/1449 
f 1524/1263/1546 1523/1262/1545 1521/1258/1543 1522/1260/1544 
f 1525/1264/1547 1523/1262/1545 1524/1263/1546 1526/1265/1548 
f 1422/1134/1444 1525/1267/1547 1527/1266/1549 1419/1133/1441 
f 1528/1268/1550 1527/1266/1549 1525/1267/1547 1526/1269/1548 
f 1419/1130/1441 1527/1271/1549 1529/1270/1551 1417/1128/1439 
f 1530/1272/1552 1529/1270/1551 1527/1271/1549 1528/1273/1550 
f 1417/1128/1439 1529/1270/1551 1531/1274/1553 1415/1126/1437 
f 1532/1275/1554 1531/1274/1553 1529/1270/1551 1530/1272/1552 
f 1415/1126/1437 1531/1274/1553 1533/1276/1555 1413/1124/1435 
f 1534/1277/1556 1533/1276/1555 1531/1274/1553 1532/1275/1554 
f 1413/1124/1435 1533/1276/1555 1535/1278/1557 1410/1123/1432 
f 1536/1279/1558 1535/1278/1557 1533/1276/1555 1534/1277/1556 
f 1410/1120/1432 1535/1281/1557 1537/1280/1559 1408/1118/1430 
f 1537/1280/1559 1535/1281/1557 1536/1282/1558 1538/1283/1560 
f 1408/1118/1430 1537/1280/1559 1499/1284/1521 1407/1117/1429 
f 1501/1285/1523 1499/1284/1521 1537/1280/1559 1538/1283/1560 
f 1404/1114/1426 1397/1109/1419 1400/1110/1422 1402/1112/1424 
f 1402/1112/1424 1400/1110/1422 1349/1057/1371 1350/1058/1372 
f 1397/1109/1419 1446/1161/1468 1445/1162/1467 1398/1108/1420 
f 1450/1167/1472 1447/1164/1469 1446/1161/1468 1448/1165/1470 
f 1447/1164/1469 1503/1237/1525 1505/1239/1527 1444/1163/1466 
f 1536/1279/1558 1534/1277/1556 1539/1286/1561 
f 1540/1287/1562 1524/1263/1546 1522/1260/1544 
f 1541/1289/1563 1542/1288/1564 1528/1268/1550 1526/1269/1548 
f 1542/1291/1564 1543/1290/1565 1530/1272/1552 1528/1273/1550 
f 1543/1290/1565 1544/1292/1566 1532/1275/1554 1530/1272/1552 
f 1544/1292/1566 1539/1286/1561 1534/1277/1556 1532/1275/1554 
f 1501/1285/1523 1538/1283/1560 1545/1293/1567 1546/1294/1568 
f 1546/1294/1568 1545/1293/1567 1547/1295/1569 1548/1296/1570 
f 1548/1299/1570 1547/1298/1569 1549/1297/1571 1550/1300/1572 
f 1550/1300/1572 1549/1297/1571 1551/1301/1573 1552/1302/1574 
f 1552/1302/1574 1551/1301/1573 1553/1303/1575 1554/1304/1576 
f 1554/1307/1576 1553/1306/1575 1555/1305/1577 1556/1308/1578 
f 1522/1260/1544 1520/1261/1542 1555/1309/1577 1540/1287/1562 
f 1541/1310/1563 1553/1303/1575 1551/1301/1573 1542/1311/1564 
f 1542/1311/1564 1551/1301/1573 1549/1297/1571 1543/1312/1565 
f 1543/1312/1565 1549/1297/1571 1547/1298/1569 1544/1313/1566 
f 1544/1314/1566 1547/1295/1569 1545/1293/1567 1539/1315/1561 
f 1545/1293/1567 1538/1283/1560 1536/1282/1558 1539/1315/1561 
f 1557/1316/1579 1504/1238/1526 1502/1236/1524 
f 1558/1317/1580 1506/1240/1528 1504/1238/1526 
f 1506/1244/1528 1558/1319/1580 1559/1318/1581 1508/1243/1530 
f 1508/1243/1530 1559/1318/1581 1560/1320/1582 1510/1246/1532 
f 1560/1320/1582 1561/1321/1583 1512/1248/1534 1510/1246/1532 
f 1516/1322/1538 1512/1248/1534 1561/1321/1583 
f 1514/1252/1536 1562/1323/1584 1556/1308/1578 1518/1255/1540 
f 1563/1325/1585 1564/1324/1586 1552/1302/1574 1554/1304/1576 
f 1564/1324/1586 1565/1326/1587 1550/1300/1572 1552/1302/1574 
f 1565/1326/1587 1566/1327/1588 1548/1299/1570 1550/1300/1572 
f 1566/1329/1588 1557/1316/1579 1546/1328/1568 1548/1330/1570 
f 1546/1328/1568 1557/1316/1579 1502/1236/1524 1501/1235/1523 
f 1284/992/1306 1282/986/1304 1567/1331/1589 1568/1332/1590 
f 1287/993/1309 1283/989/1305 1282/986/1304 1284/992/1306 
f 1319/1026/1341 1317/1024/1339 1283/989/1305 1287/993/1309 
f 1341/1049/1363 1339/1047/1361 1317/1024/1339 1319/1026/1341 
f 1376/1086/1398 1373/1082/1395 1339/1047/1361 1341/1049/1363 
f 1377/1087/1399 1374/1084/1396 1373/1082/1395 1376/1086/1398 
f 1427/1141/1449 1424/1138/1446 1423/1136/1445 1425/1139/1447 
f 1422/1137/1444 1424/1138/1446 1523/1262/1545 1525/1264/1547 
f 1524/1263/1546 1540/1287/1562 1541/1333/1563 1526/1265/1548 
f 1556/1308/1578 1555/1305/1577 1520/1257/1542 1518/1255/1540 
f 1540/1287/1562 1555/1309/1577 1553/1334/1575 1541/1333/1563 
f 1554/1307/1576 1556/1308/1578 1562/1323/1584 1563/1335/1585 
f 1334/1041/1356 1359/1068/1381 1357/1065/1379 1333/1040/1355 
f 1333/1040/1355 1357/1065/1379 1354/1062/1376 1332/1039/1354 
f 1516/1322/1538 1513/1249/1535 1511/1247/1533 1512/1248/1534 
f 1435/1150/1457 1513/1250/1535 1515/1251/1537 1433/1148/1455 
f 1562/1323/1584 1514/1252/1536 1516/1253/1538 
f 1563/1325/1585 1561/1321/1583 1560/1320/1582 1564/1324/1586 
f 1564/1324/1586 1560/1320/1582 1559/1318/1581 1565/1326/1587 
f 1565/1326/1587 1559/1318/1581 1558/1319/1580 1566/1327/1588 
f 1566/1329/1588 1558/1317/1580 1504/1238/1526 1557/1316/1579 
f 1516/1253/1538 1561/1336/1583 1563/1335/1585 1562/1323/1584 
f 1569/1338/1591 1279/983/1301 1570/1337/1592 
f 1569/1338/1591 1571/1339/1593 1280/982/1302 1279/983/1301 
f 1571/1340/1593 1567/1331/1589 1282/986/1304 1280/987/1302 
f 1568/1332/1590 1572/1341/1594 1285/991/1307 1284/992/1306 
f 1572/1341/1594 1573/1342/1595 1288/995/1310 1285/991/1307 
f 1288/995/1310 1573/1342/1595 1574/1343/1596 1290/997/1312 
f 1290/997/1312 1574/1343/1596 1575/1344/1597 1292/999/1314 
f 1292/999/1314 1575/1344/1597 1296/1003/1318 1294/1001/1316 
f 1304/1010/1326 1576/1346/1598 1577/1345/1599 1305/1009/1327 
f 1577/1345/1599 1578/1347/1600 1307/1014/1329 1305/1009/1327 
f 1578/1347/1600 1579/1348/1601 1309/1016/1331 1307/1014/1329 
f 1579/1348/1601 1580/1349/1602 1311/1018/1333 1309/1016/1331 
f 1580/1349/1602 1581/1350/1603 1313/1020/1335 1311/1018/1333 
f 1278/984/1300 1313/1020/1335 1570/1337/1592 1279/983/1301 
f 1570/1337/1592 1313/1020/1335 1581/1350/1603 
f 1297/1002/1319 1298/1004/1320 1582/1351/1604 1325/1033/1347 
f 1325/1033/1347 1582/1351/1604 1583/1352/1605 1327/1035/1349 
f 1327/1035/1349 1583/1352/1605 1301/1005/1323 1300/1006/1322 
f 1299/1007/1321 1302/1008/1324 1576/1346/1598 1304/1010/1326 
f 1569/1355/1591 1570/1354/1592 1584/1353/1606 1585/1356/1607 
f 1571/1357/1593 1569/1355/1591 1585/1356/1607 1586/1358/1608 
f 1567/1359/1589 1571/1357/1593 1586/1358/1608 1587/1360/1609 
f 1572/1363/1594 1568/1362/1590 1588/1361/1610 1589/1364/1611 
f 1573/1365/1595 1572/1363/1594 1589/1364/1611 1590/1366/1612 
f 1574/1367/1596 1573/1365/1595 1590/1366/1612 1591/1368/1613 
f 1575/1369/1597 1574/1367/1596 1591/1368/1613 1592/1370/1614 
f 1296/1371/1318 1575/1369/1597 1592/1370/1614 1593/1372/1615 
f 1593/1372/1615 1594/1373/1616 1296/1371/1318 
f 1577/1376/1599 1576/1375/1598 1595/1374/1617 1596/1377/1618 
f 1578/1378/1600 1577/1376/1599 1596/1377/1618 1597/1379/1619 
f 1579/1380/1601 1578/1378/1600 1597/1379/1619 1598/1381/1620 
f 1580/1382/1602 1579/1380/1601 1598/1381/1620 1599/1383/1621 
f 1581/1384/1603 1580/1382/1602 1599/1383/1621 1600/1385/1622 
f 1581/1384/1603 1600/1385/1622 1584/1353/1606 1570/1354/1592 
f 1298/1386/1320 1296/1371/1318 1594/1373/1616 1601/1387/1623 
f 1582/1388/1604 1298/1386/1320 1601/1387/1623 1602/1389/1624 
f 1583/1390/1605 1582/1388/1604 1602/1389/1624 1603/1391/1625 
f 1301/1392/1323 1583/1390/1605 1603/1391/1625 1604/1393/1626 
f 1301/1392/1323 1604/1393/1626 1605/1394/1627 1302/1395/1324 
f 1302/1395/1324 1605/1394/1627 1595/1374/1617 1576/1375/1598 
f 1567/1359/1589 1587/1360/1609 1588/1361/1610 1568/1362/1590 
f 1606/1396/1628 1585/1356/1607 1584/1353/1606 1607/1397/1629 
f 1608/1398/1630 1586/1358/1608 1585/1356/1607 1606/1396/1628 
f 1609/1399/1631 1587/1360/1609 1586/1358/1608 1608/1398/1630 
f 1610/1400/1632 1589/1364/1611 1588/1361/1610 1611/1401/1633 
f 1612/1402/1634 1590/1366/1612 1589/1364/1611 1610/1400/1632 
f 1613/1403/1635 1591/1368/1613 1590/1366/1612 1612/1402/1634 
f 1614/1404/1636 1592/1370/1614 1591/1368/1613 1613/1403/1635 
f 1615/1405/1637 1593/1372/1615 1592/1370/1614 1614/1404/1636 
f 1616/1406/1638 1594/1373/1616 1593/1372/1615 1615/1405/1637 
f 1617/1407/1639 1596/1377/1618 1595/1374/1617 1618/1408/1640 
f 1597/1379/1619 1596/1377/1618 1617/1407/1639 1619/1409/1641 
f 1598/1381/1620 1597/1379/1619 1619/1409/1641 1620/1410/1642 
f 1621/1411/1643 1599/1383/1621 1598/1381/1620 1620/1410/1642 
f 1622/1412/1644 1600/1385/1622 1599/1383/1621 1621/1411/1643 
f 1584/1353/1606 1600/1385/1622 1622/1412/1644 1607/1397/1629 
f 1601/1387/1623 1594/1373/1616 1616/1406/1638 1623/1413/1645 
f 1624/1414/1646 1602/1389/1624 1601/1387/1623 1623/1413/1645 
f 1625/1415/1647 1603/1391/1625 1602/1389/1624 1624/1414/1646 
f 1626/1416/1648 1604/1393/1626 1603/1391/1625 1625/1415/1647 
f 1605/1394/1627 1604/1393/1626 1626/1416/1648 1627/1417/1649 
f 1595/1374/1617 1605/1394/1627 1627/1417/1649 1618/1408/1640 
f 1611/1401/1633 1588/1361/1610 1587/1360/1609 1609/1399/1631 
f 1628/1420/1650 1629/1419/1651 1630/1418/1652 
f 1630/1418/1652 1629/1419/1651 1631/1421/1653 
f 1631/1421/1653 1629/1419/1651 1632/1422/1654 
f 1633/1424/1655 1629/1419/1651 1634/1423/1656 
f 1634/1423/1656 1629/1419/1651 1635/1425/1657 
f 1635/1425/1657 1629/1419/1651 1636/1426/1658 
f 1636/1426/1658 1629/1419/1651 1637/1427/1659 
f 1637/1427/1659 1629/1419/1651 1638/1428/1660 
f 1638/1428/1660 1629/1419/1651 1639/1429/1661 
f 1640/1431/1662 1629/1419/1651 1641/1430/1663 
f 1641/1430/1663 1629/1419/1651 1642/1432/1664 
f 1642/1432/1664 1629/1419/1651 1643/1433/1665 
f 1643/1433/1665 1629/1419/1651 1644/1434/1666 
f 1644/1434/1666 1629/1419/1651 1645/1435/1667 
f 1645/1435/1667 1629/1419/1651 1628/1420/1650 
f 1639/1429/1661 1629/1419/1651 1646/1436/1668 
f 1646/1436/1668 1629/1419/1651 1647/1437/1669 
f 1647/1437/1669 1629/1419/1651 1648/1438/1670 
f 1648/1438/1670 1629/1419/1651 1649/1439/1671 
f 1649/1439/1671 1629/1419/1651 1650/1440/1672 
f 1650/1440/1672 1629/1419/1651 1640/1431/1662 
f 1632/1422/1654 1629/1419/1651 1633/1424/1655 
f 1651/1441/1673 1628/1420/1650 1630/1418/1652 1652/1442/1674 
f 1652/1442/1674 1630/1418/1652 1631/1421/1653 1653/1443/1675 
f 1653/1443/1675 1631/1421/1653 1632/1422/1654 1654/1444/1676 
f 1654/1444/1676 1632/1422/1654 1633/1424/1655 1655/1445/1677 
f 1655/1445/1677 1633/1424/1655 1634/1423/1656 1656/1446/1678 
f 1656/1446/1678 1634/1423/1656 1635/1425/1657 1657/1447/1679 
f 1657/1447/1679 1635/1425/1657 1636/1426/1658 1658/1448/1680 
f 1658/1448/1680 1636/1426/1658 1637/1427/1659 1659/1449/1681 
f 1659/1449/1681 1637/1427/1659 1638/1428/1660 1660/1450/1682 
f 1660/1450/1682 1638/1428/1660 1639/1429/1661 1661/1451/1683 
f 1661/1451/1683 1639/1429/1661 1646/1436/1668 1662/1452/1684 
f 1662/1452/1684 1646/1436/1668 1647/1437/1669 1663/1453/1685 
f 1663/1453/1685 1647/1437/1669 1648/1438/1670 1664/1454/1686 
f 1664/1454/1686 1648/1438/1670 1649/1439/1671 1665/1455/1687 
f 1665/1455/1687 1649/1439/1671 1650/1440/1672 1666/1456/1688 
f 1666/1456/1688 1650/1440/1672 1640/1431/1662 1667/1457/1689 
f 1667/1457/1689 1640/1431/1662 1641/1430/1663 1668/1458/1690 
f 1668/1458/1690 1641/1430/1663 1642/1432/1664 1669/1459/1691 
f 1669/1459/1691 1642/1432/1664 1643/1433/1665 1670/1460/1692 
f 1670/1460/1692 1643/1433/1665 1644/1434/1666 1671/1461/1693 
f 1671/1461/1693 1644/1434/1666 1645/1435/1667 1672/1462/1694 
f 1672/1462/1694 1645/1435/1667 1628/1420/1650 1651/1441/1673 
f 1673/1463/1695 1606/1396/1628 1607/1397/1629 1674/1464/1696 
f 1608/1398/1630 1606/1396/1628 1673/1463/1695 1675/1465/1697 
f 1676/1466/1698 1609/1399/1631 1608/1398/1630 1675/1465/1697 
f 1677/1467/1699 1610/1400/1632 1611/1401/1633 1678/1468/1700 
f 1679/1469/1701 1612/1402/1634 1610/1400/1632 1677/1467/1699 
f 1680/1470/1702 1613/1403/1635 1612/1402/1634 1679/1469/1701 
f 1614/1404/1636 1613/1403/1635 1680/1470/1702 1681/1471/1703 
f 1682/1472/1704 1615/1405/1637 1614/1404/1636 1681/1471/1703 
f 1683/1473/1705 1616/1406/1638 1615/1405/1637 1682/1472/1704 
f 1684/1474/1706 1617/1407/1639 1618/1408/1640 1685/1475/1707 
f 1619/1409/1641 1617/1407/1639 1684/1474/1706 1686/1476/1708 
f 1620/1410/1642 1619/1409/1641 1686/1476/1708 1687/1477/1709 
f 1621/1411/1643 1620/1410/1642 1687/1477/1709 1688/1478/1710 
f 1689/1479/1711 1622/1412/1644 1621/1411/1643 1688/1478/1710 
f 1674/1464/1696 1607/1397/1629 1622/1412/1644 1689/1479/1711 
f 1623/1413/1645 1616/1406/1638 1683/1473/1705 1690/1480/1712 
f 1624/1414/1646 1623/1413/1645 1690/1480/1712 1691/1481/1713 
f 1625/1415/1647 1624/1414/1646 1691/1481/1713 1692/1482/1714 
f 1626/1416/1648 1625/1415/1647 1692/1482/1714 1693/1483/1715 
f 1694/1484/1716 1627/1417/1649 1626/1416/1648 1693/1483/1715 
f 1685/1475/1707 1618/1408/1640 1627/1417/1649 1694/1484/1716 
f 1678/1468/1700 1611/1401/1633 1609/1399/1631 1676/1466/1698 
f 1652/1442/1674 1673/1463/1695 1674/1464/1696 1651/1441/1673 
f 1675/1465/1697 1673/1463/1695 1652/1442/1674 1653/1443/1675 
f 1676/1466/1698 1675/1465/1697 1653/1443/1675 1654/1444/1676 
f 1656/1446/1678 1677/1467/1699 1678/1468/1700 1655/1445/1677 
f 1679/1469/1701 1677/1467/1699 1656/1446/1678 1657/1447/1679 
f 1658/1448/1680 1680/1470/1702 1679/1469/1701 1657/1447/1679 
f 1681/1471/1703 1680/1470/1702 1658/1448/1680 1659/1449/1681 
f 1660/1450/1682 1682/1472/1704 1681/1471/1703 1659/1449/1681 
f 1661/1451/1683 1683/1473/1705 1682/1472/1704 1660/1450/1682 
f 1668/1458/1690 1684/1474/1706 1685/1475/1707 1667/1457/1689 
f 1686/1476/1708 1684/1474/1706 1668/1458/1690 1669/1459/1691 
f 1670/1460/1692 1687/1477/1709 1686/1476/1708 1669/1459/1691 
f 1688/1478/1710 1687/1477/1709 1670/1460/1692 1671/1461/1693 
f 1689/1479/1711 1688/1478/1710 1671/1461/1693 1672/1462/1694 
f 1651/1441/1673 1674/1464/1696 1689/1479/1711 1672/1462/1694 
f 1690/1480/1712 1683/1473/1705 1661/1451/1683 1662/1452/1684 
f 1691/1481/1713 1690/1480/1712 1662/1452/1684 1663/1453/1685 
f 1692/1482/1714 1691/1481/1713 1663/1453/1685 1664/1454/1686 
f 1693/1483/1715 1692/1482/1714 1664/1454/1686 1665/1455/1687 
f 1666/1456/1688 1694/1484/1716 1693/1483/1715 1665/1455/1687 
f 1667/1457/1689 1685/1475/1707 1694/1484/1716 1666/1456/1688 
f 1655/1445/1677 1678/1468/1700 1676/1466/1698 1654/1444/1676 
# 798 polygons - 64 triangles

#
# object ??????02
#

v  37.2024 2.8135 -4.8003
v  37.3038 2.5079 -4.6315
v  36.9096 2.6756 -4.8422
v  37.0013 2.7684 -4.9145
v  37.7208 3.1403 -5.2102
v  37.7214 3.0216 -5.0129
v  37.4496 3.2496 -5.2088
v  37.5822 3.2631 -5.2912
v  37.7133 3.1905 -5.3601
v  37.6960 3.1931 -5.3822
v  37.5099 2.6609 -4.5760
v  37.4716 2.9388 -4.6876
v  37.6017 2.9093 -4.6455
v  37.7815 2.8138 -4.5997
v  37.8030 2.8403 -4.6193
v  36.7522 2.4862 -5.1329
v  36.7642 2.6074 -5.3303
v  36.8798 2.5579 -4.8336
v  36.8573 2.3131 -4.8831
v  36.8789 2.3096 -4.8573
v  37.0082 2.8691 -5.6025
v  37.2921 3.0814 -5.5395
v  36.9001 3.0228 -5.3941
v  36.8397 2.8577 -5.5225
v  36.8898 2.7395 -5.6473
v  36.8666 2.7175 -5.6404
v  37.2091 3.1136 -5.3034
v  37.0036 2.9993 -5.2954
v  37.7865 2.9757 -4.8271
v  37.8245 2.8667 -4.6389
v  36.7963 2.6399 -5.5216
v  36.8434 2.6954 -5.6336
v  36.9359 2.8762 -5.1530
v  37.5164 3.1694 -5.4698
v  37.6788 3.1957 -5.4044
v  37.1212 2.4216 -4.6610
v  36.9004 2.3060 -4.8316
v  37.4513 3.0650 -4.9965
v  37.3893 3.1460 -5.1953
v  37.6416 2.6599 -5.1874
v  37.5771 2.5519 -5.0224
v  37.4336 2.5002 -5.3033
v  37.5872 2.7263 -5.3700
v  37.3859 2.9295 -4.8229
v  37.3119 2.7076 -4.9747
v  37.4364 2.7863 -4.9901
v  37.1755 2.6770 -5.0523
v  37.1311 2.7502 -5.2140
v  37.1771 2.8336 -5.3106
v  37.3164 2.9112 -5.3161
v  37.4387 2.9331 -5.2427
v  37.4808 2.8782 -5.1079
v  37.3418 2.5831 -4.9249
v  37.5282 2.6793 -4.9489
v  37.1454 2.5513 -5.0362
v  37.0933 2.6511 -5.2716
v  37.1699 2.7586 -5.4130
v  37.3772 2.8519 -5.4225
v  37.5525 2.8729 -5.3169
v  37.6038 2.7977 -5.1209
v  37.4044 2.4616 -4.9925
v  37.2179 2.4288 -5.0898
v  37.1614 2.5174 -5.3096
v  37.2279 2.6157 -5.4458
v  37.4205 2.7038 -5.4628
v  37.2902 3.0959 -5.5319
v  37.5194 3.1899 -5.4657
v  37.7238 3.1601 -5.2061
v  37.7195 3.0361 -5.0052
v  37.6840 3.2179 -5.4019
v  37.7185 3.2127 -5.3576
v  37.7012 3.2153 -5.3797
v  37.5076 2.6763 -4.5680
v  37.3017 2.5223 -4.6237
v  37.7842 2.9910 -4.8191
v  37.7795 2.8282 -4.5919
v  37.8225 2.8811 -4.6312
v  37.8010 2.8546 -4.6115
v  36.7492 2.4988 -5.1244
v  36.7621 2.6219 -5.3225
v  37.1178 2.4338 -4.6522
v  36.8472 2.3128 -4.8695
v  36.8903 2.3058 -4.8181
v  36.8688 2.3093 -4.8438
v  36.7879 2.6542 -5.5261
v  37.0021 2.8835 -5.6023
v  36.8327 2.7066 -5.6449
v  36.8791 2.7506 -5.6587
v  36.8559 2.7286 -5.6518
v  37.4211 3.2533 -5.3910
v  37.2354 3.1471 -5.4112
v  37.6126 3.2273 -5.1529
v  37.5824 3.1016 -4.9841
v  37.5648 3.2962 -5.3200
v  37.5922 3.2917 -5.2852
v  37.5733 3.2920 -5.2995
v  37.3412 2.8224 -4.6445
v  37.2411 2.6883 -4.6739
v  37.7056 3.0925 -4.8112
v  37.7285 2.9446 -4.5512
v  37.7652 2.9957 -4.5836
v  37.7430 2.9766 -4.5741
v  36.7444 2.6179 -5.0298
v  36.8055 2.7673 -5.2406
v  37.0662 2.5605 -4.6091
v  36.7549 2.4855 -4.8027
v  36.7928 2.4791 -4.7578
v  36.7749 2.4895 -4.7840
v  36.8004 2.8081 -5.3897
v  37.0301 3.0877 -5.4873
v  36.7580 2.8382 -5.5543
v  36.8032 2.8679 -5.5676
v  36.7795 2.8546 -5.5510
v  37.2850 3.1006 -4.8329
v  37.4232 3.0852 -4.7690
v  37.5086 3.1180 -4.8485
v  37.4416 3.1535 -4.9797
v  37.2856 3.2690 -5.1140
v  37.4403 3.2375 -5.1071
v  37.3709 3.2999 -5.1601
v  36.9581 2.8402 -4.8545
v  37.0686 2.7674 -4.7441
v  37.1828 2.8615 -4.7334
v  36.9940 2.9898 -4.9198
v  36.9946 3.1582 -5.2009
v  37.1840 3.1983 -5.2956
v  36.9620 3.0914 -5.3566
v  36.8892 3.0935 -5.3190
v  36.8759 2.8031 -4.9936
v  36.8597 2.9320 -5.1535
v  37.3660 2.9426 -4.7182
v  37.3301 3.2528 -5.2419
v  36.8446 2.9858 -5.3101
v  36.8564 2.6729 -4.8102
v  36.8672 2.6710 -4.7962
v  36.8780 2.6690 -4.7822
v  36.8206 3.0385 -5.4179
v  36.8082 3.0274 -5.4133
v  36.7958 3.0162 -5.4086
v  37.4472 3.2947 -5.1988
v  37.4379 3.2960 -5.2102
v  37.4286 3.2973 -5.2217
v  37.5854 3.0483 -4.6624
v  37.5967 3.0622 -4.6727
v  37.6080 3.0761 -4.6831
v  37.0610 3.3069 -4.7972
v  36.9283 3.4447 -4.8467
v  36.9146 3.2512 -4.8409
v  37.0096 3.1866 -4.7471
v  37.0613 3.3917 -4.9387
v  37.1399 3.3336 -4.8711
v  36.9149 3.3359 -4.9824
v  37.0102 3.3561 -5.0301
v  36.8470 3.2221 -4.9586
# 154 vertices

vn 0.4577 -0.8445 -0.2781
vn 0.3288 -0.8062 0.4918
vn 0.6470 -0.4578 -0.6098
vn 0.1490 -0.9511 -0.2706
vn 0.4626 -0.2892 -0.8381
vn 0.5138 -0.7492 -0.4180
vn 0.5968 -0.6644 -0.4500
vn 0.2566 -0.9174 -0.3043
vn -0.1488 -0.9877 -0.0472
vn 0.4829 -0.7958 -0.3654
vn 0.3316 -0.8719 -0.3603
vn 0.5562 -0.8280 0.0709
vn 0.2851 -0.7116 -0.6422
vn 0.0247 -0.6573 -0.7533
vn 0.5657 -0.8246 -0.0012
vn 0.6630 -0.7113 -0.2337
vn -0.2092 -0.8728 -0.4410
vn -0.1759 -0.8074 -0.5632
vn 0.7480 -0.1433 -0.6480
vn 0.3148 -0.7490 -0.5830
vn 0.5104 -0.6846 -0.5204
vn 0.7083 -0.6256 -0.3270
vn 0.3556 -0.5252 -0.7731
vn 0.6420 -0.7655 0.0418
vn 0.7766 -0.4756 0.4131
vn 0.7120 -0.6760 -0.1901
vn 0.7249 -0.6459 -0.2394
vn 0.4382 -0.6974 -0.5672
vn 0.1008 -0.6364 -0.7647
vn 0.7669 -0.5015 -0.4004
vn 0.8059 -0.5617 -0.1874
vn 0.1585 -0.9741 -0.1611
vn 0.2465 -0.8430 -0.4780
vn 0.3026 -0.7862 -0.5389
vn 0.4290 -0.6848 -0.5891
vn 0.3570 -0.7643 -0.5370
vn 0.2906 -0.9548 0.0631
vn 0.5325 -0.7485 -0.3952
vn 0.6559 -0.6424 -0.3965
vn 0.7418 -0.1604 -0.6511
vn 0.9710 -0.2264 -0.0771
vn 0.7459 -0.5307 0.4024
vn 0.3459 -0.8204 -0.4553
vn 0.7743 -0.0469 -0.6311
vn 0.7135 -0.6997 0.0375
vn -0.0729 -0.2678 0.9607
vn 0.5749 0.1363 0.8068
vn -0.7579 -0.3952 0.5190
vn -0.9480 -0.2243 -0.2257
vn -0.5974 0.2059 -0.7751
vn 0.0415 0.5508 -0.8336
vn 0.6164 0.6753 -0.4050
vn 0.8324 0.4913 0.2563
vn -0.1653 -0.1396 0.9763
vn 0.4885 0.1580 0.8582
vn -0.7980 -0.2243 0.5594
vn -0.9897 -0.0285 -0.1406
vn -0.6444 0.3249 -0.6923
vn 0.0329 0.6162 -0.7869
vn 0.6313 0.6859 -0.3621
vn 0.8138 0.4925 0.3085
vn 0.1982 -0.8270 0.5260
vn -0.3791 -0.9040 0.1976
vn -0.5802 -0.7005 -0.4155
vn -0.3144 -0.3752 -0.8720
vn 0.2525 -0.1079 -0.9616
vn -0.1017 0.6387 -0.7627
vn 0.1663 0.5002 -0.8498
vn 0.9157 0.3677 0.1622
vn 0.8463 0.5325 0.0141
vn 0.5519 0.4790 -0.6827
vn 0.8794 0.4118 -0.2388
vn 0.7194 0.4696 -0.5118
vn -0.0240 -0.1580 0.9871
vn -0.0079 -0.2095 0.9778
vn 0.9000 0.4270 -0.0871
vn 0.5329 -0.2199 0.8171
vn 0.9222 0.1217 0.3670
vn 0.7301 -0.0905 0.6774
vn -0.9864 -0.1635 -0.0178
vn -0.9934 0.0808 -0.0814
vn -0.1001 -0.4924 0.8646
vn -0.5704 -0.8183 0.0706
vn -0.2075 -0.8729 0.4416
vn -0.4306 -0.8714 0.2351
vn -0.8930 -0.3430 -0.2913
vn 0.0008 0.3338 -0.9426
vn -0.4045 -0.3677 -0.8373
vn 0.0260 -0.0031 -0.9997
vn -0.1387 -0.1462 -0.9795
vn -0.2077 0.8578 -0.4702
vn -0.2657 0.8666 -0.4223
vn 0.4131 0.7865 0.4591
vn 0.3378 0.9036 0.2634
vn 0.1825 0.9561 -0.2294
vn 0.3440 0.9382 0.0381
vn 0.2241 0.9734 -0.0484
vn -0.5326 0.3484 0.7713
vn -0.2420 0.3022 0.9220
vn 0.4782 0.8774 0.0380
vn 0.2071 0.2448 0.9472
vn 0.5146 0.5444 0.6624
vn 0.1801 0.3984 0.8993
vn -0.9552 0.2749 0.1097
vn -0.9523 0.2877 0.1016
vn -0.2355 0.0851 0.9681
vn -0.8839 -0.1173 0.4528
vn -0.6869 -0.1546 0.7101
vn -0.7558 -0.0188 0.6545
vn -0.9844 0.0933 0.1489
vn -0.2367 0.8021 -0.5483
vn -0.8680 0.2529 -0.4274
vn -0.4944 0.4493 -0.7442
vn -0.4828 0.5110 -0.7112
vn 0.1898 0.5404 0.8197
vn -0.2384 0.7557 0.6099
vn 0.0617 0.9807 0.1857
vn 0.3062 0.8653 0.3970
vn 0.1485 0.9887 -0.0200
vn 0.2025 0.8002 0.5646
vn -0.0940 0.9753 0.2001
vn -0.6374 0.4867 0.5973
vn -0.3534 0.4587 0.8153
vn -0.2866 0.2619 0.9216
vn -0.8084 -0.0719 0.5842
vn -0.6042 0.6757 -0.4223
vn -0.2131 0.8639 -0.4563
vn -0.2415 0.9265 -0.2884
vn -0.5869 0.8097 -0.0027
vn -0.8447 0.4434 0.2997
vn -0.9487 0.2384 0.2075
vn -0.3864 0.4644 0.7969
vn -0.3444 0.8971 -0.2769
vn -0.9114 0.2771 0.3044
vn -0.7453 0.4903 0.4518
vn -0.6668 0.4670 0.5807
vn -0.5659 0.4528 0.6890
vn -0.5375 0.7677 -0.3489
vn -0.7406 0.6640 -0.1031
vn -0.8596 0.5016 0.0975
vn 0.1715 0.9434 0.2839
vn 0.0782 0.9957 0.0495
vn -0.1219 0.9852 -0.1202
vn -0.2755 0.5832 0.7642
vn -0.1952 0.6817 0.7051
vn -0.0147 0.8685 0.4955
vn 0.1810 0.4952 0.8497
vn -0.4205 0.8370 0.3501
vn -0.7830 0.0238 0.6215
vn -0.3466 0.0411 0.9371
vn 0.2522 0.9654 -0.0661
vn 0.4743 0.7440 0.4707
vn -0.7131 0.6038 -0.3563
vn -0.2151 0.8484 -0.4837
vn -0.9881 0.1261 0.0877
# 155 vertex normals

vt 0.5058 0.6382 0.0000
vt 0.5037 0.6406 0.0000
vt 0.5042 0.6387 0.0000
vt 0.5054 0.6371 0.0000
vt 0.5037 0.6401 0.0000
vt 0.5106 0.6401 0.0000
vt 0.5095 0.6411 0.0000
vt 0.5102 0.6366 0.0000
vt 0.5112 0.6379 0.0000
vt 0.5119 0.6394 0.0000
vt 0.5120 0.6392 0.0000
vt 0.5044 0.6411 0.0000
vt 0.5062 0.6401 0.0000
vt 0.5064 0.6417 0.0000
vt 0.5061 0.6443 0.0000
vt 0.5062 0.6445 0.0000
vt 0.5028 0.6404 0.0000
vt 0.5002 0.6359 0.0000
vt 0.5035 0.6400 0.0000
vt 0.5031 0.6405 0.0000
vt 0.5030 0.6406 0.0000
vt 0.5046 0.6188 0.0000
vt 0.5138 0.6292 0.0000
vt 0.5056 0.6294 0.0000
vt 0.5022 0.6246 0.0000
vt 0.5002 0.6231 0.0000
vt 0.5002 0.6234 0.0000
vt 0.5078 0.6343 0.0000
vt 0.5065 0.6340 0.0000
vt 0.5088 0.6432 0.0000
vt 0.5063 0.6448 0.0000
vt 0.4998 0.6267 0.0000
vt 0.5004 0.6233 0.0000
vt 0.5057 0.6353 0.0000
vt 0.5131 0.6364 0.0000
vt 0.5122 0.6389 0.0000
vt 0.5033 0.6412 0.0000
vt 0.5029 0.6407 0.0000
vt 0.5076 0.6376 0.0000
vt 0.5082 0.6361 0.0000
vt 0.5067 0.6365 0.0000
vt 0.5067 0.6366 0.0000
vt 0.5066 0.6382 0.0000
vt 0.5064 0.6371 0.0000
vt 0.5067 0.6371 0.0000
vt 0.5063 0.6367 0.0000
vt 0.5065 0.6360 0.0000
vt 0.5068 0.6356 0.0000
vt 0.5071 0.6358 0.0000
vt 0.5072 0.6363 0.0000
vt 0.5070 0.6368 0.0000
vt 0.5066 0.6367 0.0000
vt 0.5067 0.6367 0.0000
vt 0.5066 0.6365 0.0000
vt 0.5066 0.6364 0.0000
vt 0.5067 0.6363 0.0000
vt 0.5068 0.6363 0.0000
vt 0.5068 0.6364 0.0000
vt 0.5068 0.6366 0.0000
vt 0.5066 0.6366 0.0000
vt 0.5067 0.6364 0.0000
vt 0.5149 0.6270 0.0000
vt 0.5117 0.6368 0.0000
vt 0.5100 0.6410 0.0000
vt 0.5097 0.6425 0.0000
vt 0.5118 0.6390 0.0000
vt 0.5117 0.6396 0.0000
vt 0.5119 0.6393 0.0000
vt 0.5037 0.6403 0.0000
vt 0.5026 0.6409 0.0000
vt 0.5096 0.6437 0.0000
vt 0.5062 0.6442 0.0000
vt 0.5064 0.6448 0.0000
vt 0.5039 0.6414 0.0000
vt 0.5000 0.6391 0.0000
vt 0.5030 0.6417 0.0000
vt 0.5029 0.6403 0.0000
vt 0.5029 0.6409 0.0000
vt 0.5029 0.6406 0.0000
vt 0.5004 0.6271 0.0000
vt 0.5040 0.6130 0.0000
vt 0.5008 0.6233 0.0000
vt 0.5011 0.6235 0.0000
vt 0.5006 0.6234 0.0000
vt 0.5142 0.6362 0.0000
vt 0.5231 0.6265 0.0000
vt 0.5093 0.6437 0.0000
vt 0.5093 0.6438 0.0000
vt 0.5125 0.6386 0.0000
vt 0.5113 0.6417 0.0000
vt 0.5119 0.6402 0.0000
vt 0.5017 0.6384 0.0000
vt 0.5018 0.6415 0.0000
vt 0.5126 0.6432 0.0000
vt 0.5041 0.6434 0.0000
vt 0.5092 0.6461 0.0000
vt 0.5084 0.6461 0.0000
vt 0.5050 0.6449 0.0000
vt 0.4951 0.6450 0.0000
vt 0.5025 0.6425 0.0000
vt 0.5040 0.6392 0.0000
vt 0.5031 0.6418 0.0000
vt 0.5035 0.6405 0.0000
vt 0.4963 0.6335 0.0000
vt 0.5076 0.5931 0.0000
vt 0.4967 0.6250 0.0000
vt 0.4978 0.6196 0.0000
vt 0.4973 0.6225 0.0000
vt 0.5089 0.6474 0.0000
vt 0.5080 0.6412 0.0000
vt 0.5098 0.6427 0.0000
vt 0.5080 0.6450 0.0000
vt 0.5112 0.6450 0.0000
vt 0.5072 0.6421 0.0000
vt 0.5075 0.6371 0.0000
vt 0.5061 0.6855 0.0000
vt 0.5075 0.6601 0.0000
vt 0.5065 0.6513 0.0000
vt 0.5127 0.6704 0.0000
vt 0.5207 0.6505 0.0000
vt 0.5186 0.6473 0.0000
vt 0.5066 0.6443 0.0000
vt 0.5110 0.6410 0.0000
vt 0.5152 0.7616 0.0000
vt 0.5487 0.6520 0.0000
vt 0.5041 0.6437 0.0000
vt 0.5126 0.6378 0.0000
vt 0.5130 0.6381 0.0000
vt 0.4782 0.6571 0.0000
vt 0.4896 0.6364 0.0000
vt 0.4980 0.6452 0.0000
vt 0.4895 0.6379 0.0000
vt 0.4952 0.6363 0.0000
vt 0.5051 0.6386 0.0000
vt 0.4992 0.6330 0.0000
vt 0.4893 0.6076 0.0000
vt 0.5059 0.6294 0.0000
vt 0.5022 0.6395 0.0000
vt 0.5152 0.5166 0.0000
vt 0.5182 0.6416 0.0000
vt 0.5126 0.6559 0.0000
vt 0.5144 0.6560 0.0000
vt 0.5134 0.6589 0.0000
vt 0.5130 0.6591 0.0000
vt 0.5142 0.6539 0.0000
vt 0.5128 0.6528 0.0000
vt 0.5166 0.6562 0.0000
vt 0.5155 0.6536 0.0000
vt 0.5202 0.6599 0.0000
# 149 texture coords

g ??????02
usemtl wire_224086086
s 1
f 1695/1485/1717 1696/1486/1718 1697/1487/1719 1698/1488/1720 
f 1696/1486/1718 1695/1485/1717 1696/1489/1721 
f 1699/1490/1722 1700/1491/1723 1701/1492/1724 1702/1493/1725 
f 1703/1494/1726 1699/1490/1722 1702/1493/1725 1704/1495/1727 
f 1705/1496/1728 1696/1489/1721 1706/1497/1729 1707/1498/1730 
f 1696/1486/1718 1696/1489/1721 1705/1496/1728 
f 1708/1499/1731 1705/1496/1728 1707/1498/1730 1709/1500/1732 
f 1710/1501/1733 1711/1502/1734 1697/1487/1719 1712/1503/1735 
f 1713/1504/1736 1710/1501/1733 1712/1503/1735 1714/1505/1737 
f 1715/1506/1738 1716/1507/1739 1717/1508/1740 1718/1509/1741 
f 1719/1510/1742 1715/1506/1738 1718/1509/1741 1720/1511/1743 
f 1721/1512/1744 1722/1513/1745 1717/1508/1740 1716/1507/1739 
f 1723/1514/1746 1707/1498/1730 1706/1497/1729 1700/1491/1723 
f 1724/1515/1747 1709/1500/1732 1707/1498/1730 1723/1514/1746 
f 1718/1509/1741 1717/1508/1740 1711/1502/1734 1725/1516/1748 
f 1720/1511/1743 1718/1509/1741 1725/1516/1748 1726/1517/1749 
f 1727/1518/1750 1711/1502/1734 1717/1508/1740 1722/1513/1745 
f 1728/1519/1751 1702/1493/1725 1701/1492/1724 1716/1507/1739 
f 1729/1520/1752 1704/1495/1727 1702/1493/1725 1728/1519/1751 
f 1712/1503/1735 1697/1487/1719 1696/1486/1718 1730/1521/1753 
f 1731/1522/1754 1714/1505/1737 1712/1503/1735 1730/1521/1753 
f 1732/1523/1755 1733/1524/1756 1701/1492/1724 1700/1491/1723 
f 1734/1525/1757 1735/1526/1758 1736/1525/1759 1737/1525/1760 
f 1706/1497/1729 1696/1489/1721 1695/1485/1717 1738/1527/1761 
f 1697/1487/1719 1711/1502/1734 1727/1518/1750 1698/1488/1720 
f 1721/1512/1744 1716/1507/1739 1701/1492/1724 1733/1524/1756 
f 1732/1523/1755 1700/1491/1723 1706/1497/1729 1738/1527/1761 
f 1739/1528/1762 1740/1529/1763 1738/1527/1761 1695/1485/1717 
f 1741/1530/1764 1739/1528/1762 1695/1485/1717 1698/1488/1720 
f 1742/1531/1765 1741/1530/1764 1698/1488/1720 1727/1518/1750 
f 1743/1532/1766 1742/1531/1765 1727/1518/1750 1722/1513/1745 
f 1744/1533/1767 1743/1532/1766 1722/1513/1745 1721/1512/1744 
f 1745/1534/1768 1744/1533/1767 1721/1512/1744 1733/1524/1756 
f 1746/1535/1769 1745/1534/1768 1733/1524/1756 1732/1523/1755 
f 1740/1529/1763 1746/1535/1769 1732/1523/1755 1738/1527/1761 
f 1747/1536/1770 1748/1537/1771 1740/1529/1763 1739/1528/1762 
f 1749/1538/1772 1747/1536/1770 1739/1528/1762 1741/1530/1764 
f 1750/1539/1773 1749/1538/1772 1741/1530/1764 1742/1531/1765 
f 1751/1540/1774 1750/1539/1773 1742/1531/1765 1743/1532/1766 
f 1752/1541/1775 1751/1540/1774 1743/1532/1766 1744/1533/1767 
f 1753/1542/1776 1752/1541/1775 1744/1533/1767 1745/1534/1768 
f 1754/1543/1777 1753/1542/1776 1745/1534/1768 1746/1535/1769 
f 1748/1537/1771 1754/1543/1777 1746/1535/1769 1740/1529/1763 
f 1755/1544/1778 1735/1526/1758 1748/1537/1771 1747/1536/1770 
f 1756/1538/1779 1755/1544/1778 1747/1536/1770 1749/1538/1772 
f 1757/1525/1780 1756/1538/1779 1749/1538/1772 1750/1539/1773 
f 1758/1545/1781 1757/1525/1780 1750/1539/1773 1751/1540/1774 
f 1759/1545/1782 1758/1545/1781 1751/1540/1774 1752/1541/1775 
f 1737/1525/1760 1759/1545/1782 1752/1541/1775 1753/1542/1776 
f 1734/1525/1757 1737/1525/1760 1753/1542/1776 1754/1543/1777 
f 1735/1526/1758 1734/1525/1757 1754/1543/1777 1748/1537/1771 
f 1736/1525/1759 1758/1545/1781 1759/1545/1782 1737/1525/1760 
f 1736/1525/1759 1735/1526/1758 1755/1544/1778 1756/1538/1779 
f 1757/1525/1780 1758/1545/1781 1736/1525/1759 1756/1538/1779 
f 1760/1546/1783 1761/1547/1784 1728/1519/1751 1716/1507/1739 
f 1762/1548/1785 1763/1549/1786 1700/1491/1723 1699/1490/1722 
f 1761/1547/1784 1764/1550/1787 1729/1520/1752 1728/1519/1751 
f 1765/1551/1788 1762/1548/1785 1699/1490/1722 1703/1494/1726 
f 1764/1550/1787 1766/1552/1789 1704/1495/1727 1729/1520/1752 
f 1767/1553/1790 1768/1554/1791 1696/1486/1718 1705/1496/1728 
f 1763/1549/1786 1769/1555/1792 1723/1514/1746 1700/1491/1723 
f 1770/1556/1793 1767/1553/1790 1705/1496/1728 1708/1499/1731 
f 1769/1555/1792 1771/1557/1794 1724/1515/1747 1723/1514/1746 
f 1771/1557/1794 1772/1500/1795 1709/1500/1732 1724/1515/1747 
f 1773/1558/1796 1774/1559/1797 1711/1502/1734 1710/1501/1733 
f 1768/1554/1791 1775/1560/1798 1730/1521/1753 1696/1486/1718 
f 1776/1561/1799 1773/1558/1796 1710/1501/1733 1713/1504/1736 
f 1775/1560/1798 1777/1562/1800 1731/1522/1754 1730/1521/1753 
f 1777/1562/1800 1778/1563/1801 1714/1505/1737 1731/1522/1754 
f 1774/1559/1797 1779/1564/1802 1725/1516/1748 1711/1502/1734 
f 1780/1565/1803 1760/1546/1783 1716/1507/1739 1715/1506/1738 
f 1779/1564/1802 1781/1566/1804 1726/1517/1749 1725/1516/1748 
f 1782/1567/1805 1780/1565/1803 1715/1506/1738 1719/1510/1742 
f 1781/1566/1804 1783/1568/1806 1720/1511/1743 1726/1517/1749 
f 1772/1500/1795 1770/1556/1793 1708/1499/1731 1709/1500/1732 
f 1783/1568/1806 1782/1567/1805 1719/1510/1742 1720/1511/1743 
f 1766/1552/1789 1765/1551/1788 1703/1494/1726 1704/1495/1727 
f 1778/1563/1801 1776/1561/1799 1713/1504/1736 1714/1505/1737 
f 1784/1569/1807 1761/1547/1784 1760/1546/1783 1785/1570/1808 
f 1786/1571/1809 1787/1572/1810 1763/1549/1786 1762/1548/1785 
f 1788/1573/1811 1764/1550/1787 1761/1547/1784 1784/1569/1807 
f 1789/1574/1812 1786/1571/1809 1762/1548/1785 1765/1551/1788 
f 1790/1575/1813 1766/1552/1789 1764/1550/1787 1788/1573/1811 
f 1791/1576/1814 1792/1577/1815 1768/1554/1791 1767/1553/1790 
f 1793/1578/1816 1769/1555/1792 1763/1549/1786 1787/1572/1810 
f 1794/1579/1817 1791/1576/1814 1767/1553/1790 1770/1556/1793 
f 1795/1580/1818 1771/1557/1794 1769/1555/1792 1793/1578/1816 
f 1795/1580/1818 1796/1581/1819 1772/1500/1795 1771/1557/1794 
f 1797/1582/1820 1798/1583/1821 1774/1559/1797 1773/1558/1796 
f 1799/1584/1822 1775/1560/1798 1768/1554/1791 1792/1577/1815 
f 1800/1585/1823 1797/1582/1820 1773/1558/1796 1776/1561/1799 
f 1801/1586/1824 1777/1562/1800 1775/1560/1798 1799/1584/1822 
f 1801/1586/1824 1802/1587/1825 1778/1563/1801 1777/1562/1800 
f 1803/1588/1826 1779/1564/1802 1774/1559/1797 1798/1583/1821 
f 1804/1589/1827 1785/1570/1808 1760/1546/1783 1780/1565/1803 
f 1805/1590/1828 1781/1566/1804 1779/1564/1802 1803/1588/1826 
f 1806/1591/1829 1804/1589/1827 1780/1565/1803 1782/1567/1805 
f 1805/1590/1828 1807/1592/1830 1783/1568/1806 1781/1566/1804 
f 1794/1579/1817 1770/1556/1793 1772/1500/1795 1796/1581/1819 
f 1807/1592/1830 1806/1591/1829 1782/1567/1805 1783/1568/1806 
f 1789/1574/1812 1765/1551/1788 1766/1552/1789 1790/1575/1813 
f 1802/1587/1825 1800/1585/1823 1776/1561/1799 1778/1563/1801 
f 1808/1593/1831 1809/1594/1832 1810/1595/1833 1811/1596/1834 
f 1812/1597/1835 1811/1596/1834 1813/1598/1836 1814/1599/1837 
f 1815/1600/1838 1816/1601/1839 1817/1602/1840 1818/1603/1841 
f 1819/1604/1842 1820/1605/1843 1821/1606/1844 1822/1607/1845 
f 1823/1608/1846 1815/1600/1838 1818/1603/1841 1824/1609/1847 
f 1825/1610/1848 1809/1594/1832 1808/1593/1831 1817/1602/1840 
f 1812/1597/1835 1814/1599/1837 1826/1611/1849 1820/1605/1843 
f 1824/1609/1847 1819/1604/1842 1822/1607/1845 1827/1612/1850 
f 1828/1613/1851 1829/1614/1852 1815/1600/1838 1823/1608/1846 
f 1830/1615/1853 1816/1601/1839 1815/1600/1838 1829/1614/1852 
f 1831/1616/1854 1832/1617/1855 1822/1607/1845 1821/1606/1844 
f 1832/1617/1855 1833/1618/1856 1827/1612/1850 1822/1607/1845 
f 1834/1619/1857 1835/1620/1858 1814/1599/1837 1813/1598/1836 
f 1836/1621/1859 1826/1611/1849 1814/1599/1837 1835/1620/1858 
f 1837/1622/1860 1838/1623/1861 1809/1594/1832 1825/1610/1848 
f 1839/1624/1862 1810/1595/1833 1809/1594/1832 1838/1623/1861 
f 1840/1625/1863 1841/1626/1864 1842/1627/1865 1843/1628/1866 
f 1844/1629/1867 1841/1626/1864 1840/1625/1863 1845/1630/1868 
f 1846/1631/1869 1841/1626/1864 1844/1629/1867 1847/1632/1870 
f 1842/1627/1865 1841/1626/1864 1846/1631/1869 1848/1633/1871 
f 1845/1630/1868 1840/1625/1863 1808/1593/1831 1811/1596/1834 
f 1844/1629/1867 1845/1630/1868 1811/1596/1834 1812/1597/1835 
f 1847/1632/1870 1844/1629/1867 1812/1597/1835 1820/1605/1843 
f 1846/1631/1869 1847/1632/1870 1820/1605/1843 1819/1604/1842 
f 1848/1633/1871 1846/1631/1869 1819/1604/1842 1824/1609/1847 
f 1842/1627/1865 1848/1633/1871 1824/1609/1847 1818/1603/1841 
f 1843/1628/1866 1842/1627/1865 1818/1603/1841 1817/1602/1840 
f 1840/1625/1863 1843/1628/1866 1817/1602/1840 1808/1593/1831 
f 1826/1605/1849 1784/1569/1807 1785/1570/1808 1820/1609/1843 
f 1787/1572/1810 1786/1571/1809 1813/1602/1836 1811/1596/1834 
f 1836/1611/1859 1788/1573/1811 1784/1569/1807 1826/1605/1849 
f 1786/1571/1809 1789/1574/1812 1834/1598/1857 1813/1602/1836 
f 1790/1575/1813 1788/1573/1811 1836/1611/1859 1835/1621/1858 
f 1792/1577/1815 1791/1576/1814 1825/1619/1848 1817/1610/1840 
f 1810/1595/1833 1793/1578/1816 1787/1572/1810 1811/1596/1834 
f 1791/1576/1814 1794/1579/1817 1837/1622/1860 1825/1619/1848 
f 1839/1624/1862 1795/1580/1818 1793/1578/1816 1810/1595/1833 
f 1796/1581/1819 1795/1580/1818 1839/1624/1862 1838/1608/1861 
f 1798/1583/1821 1797/1582/1820 1823/1601/1846 1824/1613/1847 
f 1816/1615/1839 1799/1584/1822 1792/1577/1815 1817/1610/1840 
f 1797/1582/1820 1800/1585/1823 1828/1612/1851 1823/1601/1846 
f 1830/1606/1853 1801/1586/1824 1799/1584/1822 1816/1615/1839 
f 1802/1587/1825 1801/1586/1824 1830/1606/1853 1829/1618/1852 
f 1827/1616/1850 1803/1588/1826 1798/1583/1821 1824/1613/1847 
f 1785/1570/1808 1804/1589/1827 1821/1623/1844 1820/1609/1843 
f 1833/1617/1856 1805/1590/1828 1803/1588/1826 1827/1616/1850 
f 1804/1589/1827 1806/1591/1829 1831/1620/1854 1821/1623/1844 
f 1807/1592/1830 1805/1590/1828 1833/1617/1856 1832/1614/1855 
f 1794/1579/1817 1796/1581/1819 1838/1608/1861 1837/1622/1860 
f 1806/1591/1829 1807/1592/1830 1832/1614/1855 1831/1620/1854 
f 1834/1598/1857 1789/1574/1812 1790/1575/1813 1835/1621/1858 
f 1800/1585/1823 1802/1587/1825 1829/1618/1852 1828/1612/1851 
# 152 polygons - 2 triangles

#
# object Line001
#

v  159.1888 0.0000 88.1369
v  186.1832 0.0000 -29.2471
v  -54.0464 -0.0000 -84.4919
v  -81.0408 -0.0000 32.8920
v  187.9628 3.0473 -36.9855
v  -52.2668 3.0473 -92.2303
v  189.5768 6.6741 -44.0037
v  -50.6528 6.6741 -99.2485
v  191.0251 10.8803 -50.3017
v  -49.2045 10.8803 -105.5465
v  192.3078 15.6660 -55.8795
v  -47.9218 15.6660 -111.1243
v  193.4249 21.0311 -60.7371
v  -46.8047 21.0311 -115.9819
v  194.3763 26.9757 -64.8745
v  -45.8533 26.9757 -120.1193
v  195.1622 33.4998 -68.2916
v  -45.0674 33.4998 -123.5364
v  195.8007 41.0314 -71.0681
v  -44.4289 41.0314 -126.3130
v  196.2979 49.7134 -73.2305
v  -43.9317 49.7133 -128.4753
v  196.6357 59.1175 -74.6992
v  -43.5939 59.1175 -129.9440
v  196.7956 68.8156 -75.3946
v  -43.4340 68.8156 -130.6394
v  196.7594 78.3797 -75.2373
v  -43.4702 78.3797 -130.4821
v  196.5088 87.3815 -74.1475
v  -43.7208 87.3815 -129.3924
v  196.0255 95.3930 -72.0459
v  -44.2041 95.3930 -127.2907
v  195.2749 102.7789 -68.7821
v  -44.9547 102.7789 -124.0269
v  194.2619 110.0415 -64.3768
v  -45.9677 110.0415 -119.6216
v  193.0269 116.9586 -59.0067
v  -47.2027 116.9586 -114.2515
v  191.6108 123.3081 -52.8486
v  -48.6188 123.3081 -108.0935
v  190.0541 128.8680 -46.0794
v  -50.1755 128.8679 -101.3242
v  188.3974 133.4160 -38.8756
v  -51.8322 133.4160 -94.1204
v  186.6816 136.7302 -31.4142
v  -53.5480 136.7302 -86.6590
v  184.8929 138.8846 -23.6362
v  -55.3367 138.8846 -78.8811
v  182.9908 140.1012 -15.3649
v  -57.2388 140.1011 -70.6097
v  180.9752 140.3800 -6.6001
v  -59.2544 140.3800 -61.8449
v  178.8461 139.7211 2.6580
v  -61.3835 139.7211 -52.5868
v  176.6036 138.1245 12.4095
v  -63.6260 138.1245 -42.8354
v  174.2476 135.5901 22.6543
v  -65.9820 135.5901 -32.5905
v  171.7782 132.1180 33.3925
v  -68.4514 132.1180 -21.8523
# 60 vertices

vn -0.0000 1.0000 -0.0000
vn -0.0803 0.9336 0.3492
vn -0.0907 0.9145 0.3943
vn -0.1117 0.8669 0.4857
vn -0.1332 0.8041 0.5794
vn -0.1543 0.7253 0.6709
vn -0.1736 0.6322 0.7551
vn -0.1903 0.5284 0.8274
vn -0.2040 0.4145 0.8869
vn -0.2137 0.3012 0.9293
vn -0.2194 0.2031 0.9542
vn -0.2226 0.1159 0.9680
vn -0.2240 0.0283 0.9742
vn -0.2236 -0.0702 0.9722
vn -0.2199 -0.1921 0.9564
vn -0.2110 -0.3376 0.9174
vn -0.1976 -0.4717 0.8593
vn -0.1831 -0.5767 0.7962
vn -0.1673 -0.6652 0.7276
vn -0.1497 -0.7442 0.6509
vn -0.1290 -0.8178 0.5609
vn -0.1035 -0.8870 0.4501
vn -0.0739 -0.9441 0.3214
vn -0.0452 -0.9795 0.1965
vn -0.0194 -0.9962 0.0844
vn 0.0043 -0.9998 -0.0186
vn 0.0254 -0.9935 -0.1106
vn 0.0440 -0.9806 -0.1911
vn 0.0600 -0.9635 -0.2608
vn 0.0674 -0.9538 -0.2929
# 30 vertex normals

g Line001
usemtl default
s 1
f 1849//1872 1850//1872 1851//1872 1852//1872 
s 4
f 1850//1873 1853//1874 1854//1874 1851//1873 
f 1853//1874 1855//1875 1856//1875 1854//1874 
f 1855//1875 1857//1876 1858//1876 1856//1875 
f 1857//1876 1859//1877 1860//1877 1858//1876 
f 1859//1877 1861//1878 1862//1878 1860//1877 
f 1861//1878 1863//1879 1864//1879 1862//1878 
f 1863//1879 1865//1880 1866//1880 1864//1879 
f 1865//1880 1867//1881 1868//1881 1866//1880 
f 1867//1881 1869//1882 1870//1882 1868//1881 
f 1869//1882 1871//1883 1872//1883 1870//1882 
f 1871//1883 1873//1884 1874//1884 1872//1883 
f 1873//1884 1875//1885 1876//1885 1874//1884 
f 1875//1885 1877//1886 1878//1886 1876//1885 
f 1877//1886 1879//1887 1880//1887 1878//1886 
f 1879//1887 1881//1888 1882//1888 1880//1887 
f 1881//1888 1883//1889 1884//1889 1882//1888 
f 1883//1889 1885//1890 1886//1890 1884//1889 
f 1885//1890 1887//1891 1888//1891 1886//1890 
f 1887//1891 1889//1892 1890//1892 1888//1891 
f 1889//1892 1891//1893 1892//1893 1890//1892 
f 1891//1893 1893//1894 1894//1894 1892//1893 
f 1893//1894 1895//1895 1896//1895 1894//1894 
f 1895//1895 1897//1896 1898//1896 1896//1895 
f 1897//1896 1899//1897 1900//1897 1898//1896 
f 1899//1897 1901//1898 1902//1898 1900//1897 
f 1901//1898 1903//1899 1904//1899 1902//1898 
f 1903//1899 1905//1900 1906//1900 1904//1899 
f 1905//1900 1907//1901 1908//1901 1906//1900 
# 29 polygons

#
# object ????001
#

v  27.1179 19.3116 2.9815
v  26.8374 20.2301 2.4881
v  27.5213 20.0417 3.1937
v  27.7158 19.6163 3.4790
v  21.3457 17.9964 2.5403
v  21.1605 16.6440 5.6894
v  18.1203 15.6121 4.3807
v  18.1677 16.7117 1.7189
v  16.7400 15.2562 2.9423
v  16.4976 15.8239 1.1085
v  24.5130 18.8459 2.7291
v  24.3132 17.6786 5.3345
v  26.1746 19.1895 2.6421
v  26.0718 18.5782 3.9549
v  26.9776 18.8614 3.7932
v  27.5831 19.3427 3.8431
v  17.3590 19.2132 0.2953
v  20.5109 21.0796 0.8395
v  16.0622 15.6677 0.7598
v  15.7833 15.3106 0.5813
v  15.6058 15.8494 0.2754
v  15.8248 16.5770 0.3052
v  23.8786 20.9978 1.5664
v  25.6788 20.2885 2.0205
v  16.0774 15.2344 1.8157
v  15.9482 17.1543 0.2731
v  15.8354 15.0258 1.4530
# 27 vertices

vn -0.5551 0.2541 0.7920
vn -0.4532 0.3023 0.8386
vn -0.6819 0.1700 0.7114
vn -0.6797 0.1681 0.7139
vn -0.3439 0.8697 0.3541
vn -0.3469 0.8681 0.3550
vn -0.4645 0.8218 0.3300
vn -0.4828 0.8125 0.3266
vn -0.5361 0.7835 0.3142
vn -0.5401 0.7788 0.3189
vn -0.2069 0.8997 0.3844
vn -0.2229 0.8953 0.3857
vn -0.2069 0.8949 0.3954
vn -0.1698 0.8949 0.4126
vn -0.4144 0.8318 0.3694
vn -0.3594 0.8398 0.4069
vn -0.6128 0.7276 0.3084
vn -0.6047 0.7269 0.3257
vn -0.2696 0.4073 0.8726
vn -0.4205 0.3433 0.8398
vn -0.4079 0.3495 0.8435
vn -0.2793 0.4025 0.8718
vn -0.6691 0.1856 0.7196
vn -0.6820 0.1781 0.7094
vn -0.6823 0.1770 0.7093
vn -0.6663 0.1825 0.7230
vn -0.1107 0.4499 0.8862
vn -0.1383 0.4404 0.8871
vn -0.2240 0.4044 0.8867
vn -0.1224 0.4462 0.8865
vn -0.6350 0.7139 0.2952
vn -0.7191 0.6403 0.2699
vn -0.5546 0.2676 0.7879
vn -0.5260 0.2836 0.8018
vn -0.8128 0.5353 0.2297
vn -0.8191 0.5290 0.2218
# 36 vertex normals

vt 0.5262 0.8090 0.5000
vt 0.5192 0.8443 0.5000
vt 0.5035 0.8304 0.5000
vt 0.4999 0.8089 0.5000
vt 0.7497 0.8004 0.5000
vt 0.7494 0.6877 0.5000
vt 0.8735 0.7081 0.5000
vt 0.8774 0.8020 0.5000
vt 0.9329 0.7400 0.5000
vt 0.9474 0.8026 0.5000
vt 0.6214 0.8041 0.5000
vt 0.6227 0.7102 0.5000
vt 0.5572 0.8082 0.5000
vt 0.5584 0.7606 0.5000
vt 0.5286 0.7754 0.5000
vt 0.5022 0.7811 0.5000
vt 0.8819 0.9001 0.5000
vt 0.7494 0.9193 0.5000
vt 0.9779 0.8099 0.5000
vt 1.0001 0.8087 0.5000
vt 1.0087 0.8289 0.5000
vt 0.9799 0.8442 0.5000
vt 0.6209 0.8870 0.5000
vt 0.5538 0.8515 0.5000
vt 0.9748 0.7717 0.5000
vt 0.9562 0.8573 0.5000
vt 0.9952 0.7791 0.5000
# 27 texture coords

g ????001
usemtl wire_000000000
s 2
f 1912/1637/1905 1911/1636/1904 1910/1635/1903 1909/1634/1902 
s 1
f 1916/1641/1909 1915/1640/1908 1914/1639/1907 1913/1638/1906 
f 1918/1643/1911 1917/1642/1910 1915/1640/1908 1916/1641/1909 
f 1913/1638/1906 1914/1639/1907 1920/1645/1913 1919/1644/1912 
f 1919/1644/1912 1920/1645/1913 1922/1647/1915 1921/1646/1914 
f 1921/1646/1914 1922/1647/1915 1923/1648/1917 1909/1634/1916 
f 1924/1649/1919 1912/1637/1918 1909/1634/1916 1923/1648/1917 
s 2
f 1926/1651/1923 1925/1650/1922 1916/1641/1921 1913/1638/1920 
f 1930/1655/1927 1929/1654/1926 1928/1653/1925 1927/1652/1924 
f 1931/1656/1929 1926/1651/1923 1913/1638/1920 1919/1644/1928 
f 1932/1657/1931 1931/1656/1929 1919/1644/1928 1921/1646/1930 
f 1932/1657/1931 1921/1646/1930 1909/1634/1902 1910/1635/1903 
s 1
f 1927/1652/1933 1933/1658/1932 1917/1642/1910 1918/1643/1911 
s 2
f 1925/1650/1922 1934/1659/1935 1918/1643/1934 1916/1641/1921 
f 1934/1659/1935 1930/1655/1927 1927/1652/1924 1918/1643/1934 
s 1
f 1928/1653/1937 1935/1660/1936 1933/1658/1932 1927/1652/1933 
# 16 polygons

